trade_id,timestamp,symbol,book,direction,side,price,qty,notional,fee,slippage,reason,realized_pnl,equity_after,cycle_id
1,2026-06-07 20:00:00+00:00,BTC_USDT,long,long,buy,61884.68785,0.00030000000000000003,18.565406355000004,0.0009282703177500003,6.187850000002072,mart_open,0.0,2329.997215374682,0
2,2026-06-07 20:00:00+00:00,BTC_USDT,short,short,sell,61872.31215,0.00030000000000000003,18.561693645000002,0.0009280846822500001,6.187850000002072,mart_open,0.0,2329.9944309350003,0
3,2026-06-07 22:00:00+00:00,BTC_USDT,long,long,sell,62497.284375027164,0.00030000000000000003,18.74918531250815,0.0009374592656254075,6.250353472845745,mart_tp,0.18284149824252102,2329.880508788243,1
4,2026-06-07 22:00:00+00:00,BTC_USDT,short,short,sell,62794.11679256677,0.0004,25.11764671702671,0.0012558823358513355,6.280039683224459,mart_add,0.0,2329.8473396229333,0
5,2026-06-07 23:00:00+00:00,BTC_USDT,long,long,buy,63337.43311,0.00030000000000000003,19.001229933,0.0009500614966500001,6.333109999999579,mart_open,0.0,2329.5244496284367,1
6,2026-06-08 00:00:00+00:00,BTC_USDT,short,short,sell,63729.65494160082,0.0007,44.610758459120575,0.0022305379229560288,6.373602854444471,mart_add,0.0,2329.4627375496343,0
7,2026-06-08 05:00:00+00:00,BTC_USDT,short,short,buy,62439.95610908506,0.0014000000000000002,87.4159385527191,0.004370796927635955,6.2433712737838505,mart_tp,0.8697894715005438,2330.874398199988,1
8,2026-06-08 06:00:00+00:00,BTC_USDT,short,short,sell,62985.7008,0.00030000000000000003,18.89571024,0.000944785512,6.299200000001292,mart_open,0.0,2330.9398736544754,1
9,2026-06-08 12:00:00+00:00,BTC_USDT,short,short,sell,63924.09326336879,0.0004,25.569637305347516,0.001278481865267376,6.393048631201964,mart_add,0.0,2330.9634724779576,1
10,2026-06-08 14:00:00+00:00,BTC_USDT,long,long,sell,63964.41036035589,0.00030000000000000003,19.18932310810677,0.0009594661554053385,6.39708074410737,mart_tp,0.18713370895136242,2330.920326119909,2
11,2026-06-08 15:00:00+00:00,BTC_USDT,long,long,buy,63778.77724,0.00030000000000000003,19.133633172000003,0.0009566816586000002,6.3772400000016205,mart_open,0.0,2331.05304626625,2
12,2026-06-09 00:00:00+00:00,BTC_USDT,long,long,buy,62828.37779095814,0.0004,25.131351116383257,0.001256567555819163,6.282209558135946,mart_add,0.0,2331.4293985823115,2
13,2026-06-09 00:00:00+00:00,BTC_USDT,short,short,buy,62892.994484715746,0.0007000000000000001,44.02509613930103,0.0022012548069650513,6.288670581416227,mart_tp,0.4380501512395205,2331.1936811882033,2
14,2026-06-09 01:00:00+00:00,BTC_USDT,short,short,sell,62755.12386,0.00030000000000000003,18.826537158,0.0009413268579000001,6.27614000000176,mart_open,0.0,2331.3322570193454,2
15,2026-06-09 14:00:00+00:00,BTC_USDT,long,long,buy,61892.140719306175,0.0007,43.32449850351432,0.002166224925175716,6.1885952124066534,mart_add,0.0,2330.5981122909056,2
16,2026-06-09 14:00:00+00:00,BTC_USDT,short,short,buy,62133.78537866214,0.00030000000000000003,18.640135613598645,0.0009320067806799322,6.212757262139348,mart_tp,0.18546953762067747,2330.4198846705267,3
17,2026-06-09 15:00:00+00:00,BTC_USDT,short,short,sell,61121.48724,0.00030000000000000003,18.336446172000002,0.0009168223086000001,6.112759999996342,mart_open,0.0,2329.835854020218,3
18,2026-06-09 16:00:00+00:00,BTC_USDT,long,long,buy,60969.85498437743,0.0011,67.06684048281518,0.0033533420241407593,6.096375860848639,mart_add,0.0,2330.5791201953784,2
19,2026-06-09 19:00:00+00:00,BTC_USDT,short,short,sell,62032.105717645136,0.0004,24.812842287058057,0.001240642114352903,6.203830954858859,mart_add,0.0,2332.1183418403225,3
20,2026-06-10 09:00:00+00:00,BTC_USDT,short,short,buy,61031.52479146416,0.0007000000000000001,42.722067354024915,0.002136103367701246,6.102542224922217,mart_tp,0.4250850016654362,2330.9391983829296,4
21,2026-06-10 10:00:00+00:00,BTC_USDT,short,short,sell,61376.76171,0.00030000000000000003,18.413028513,0.00092065142565,6.138290000002598,mart_open,0.0,2331.0671862445042,4
22,2026-06-10 13:00:00+00:00,BTC_USDT,short,short,sell,62291.183394336425,0.0004,24.91647335773457,0.0012458236678867286,6.2297413135675015,mart_add,0.0,2332.802113778571,4
23,2026-06-10 15:00:00+00:00,BTC_USDT,long,long,sell,62474.906487523636,0.0025000000000000005,156.18726621880913,0.007809363310940457,6.248115460301051,mart_tp,1.5231335807854285,2333.272540634069,3
24,2026-06-10 16:00:00+00:00,BTC_USDT,long,long,buy,62223.82176,0.00030000000000000003,18.667146528,0.0009333573264,6.221760000000359,mart_open,0.0,2333.5643707487425,3
25,2026-06-10 21:00:00+00:00,BTC_USDT,long,long,buy,61296.59348004336,0.0004,24.518637392017347,0.0012259318696008674,6.129046443362313,mart_add,0.0,2333.9315474248556,3
26,2026-06-10 21:00:00+00:00,BTC_USDT,short,short,buy,61286.42353244632,0.0007000000000000001,42.90049647271243,0.0021450248236356217,6.128029550287465,mart_tp,0.4268603731985078,2333.9785959273195,5
27,2026-06-10 22:00:00+00:00,BTC_USDT,short,short,sell,61380.261360000004,0.00030000000000000003,18.414078408,0.0009207039204000002,6.138639999997395,mart_open,0.0,2333.9966236313994,5
28,2026-06-11 01:00:00+00:00,BTC_USDT,long,long,sell,62304.68570720227,0.0007000000000000001,43.613279995041594,0.00218066399975208,6.231091679888777,mart_tp,0.42531541102450077,2334.3912129624414,4
29,2026-06-11 01:00:00+00:00,BTC_USDT,short,short,sell,62294.73518387196,0.0004,24.917894073548787,0.0012458947036774394,6.230096528037393,mart_add,0.0,2334.425261141286,5
30,2026-06-11 02:00:00+00:00,BTC_USDT,long,long,buy,62152.81466,0.00030000000000000003,18.645844398,0.0009322922199000002,6.214659999997821,mart_open,0.0,2334.4643944510663,4
31,2026-06-11 03:00:00+00:00,BTC_USDT,long,long,sell,62768.06537231934,0.00030000000000000003,18.830419611695802,0.0009415209805847902,6.277434280658781,mart_tp,0.18363369271521804,2334.2714725417813,5
32,2026-06-11 04:00:00+00:00,BTC_USDT,long,long,buy,62735.272899999996,0.00030000000000000003,18.82058187,0.0009410290935000001,6.272899999996298,mart_open,0.0,2334.239389642688,5
33,2026-06-11 10:00:00+00:00,BTC_USDT,short,short,sell,63222.833296008874,0.0007,44.25598330720621,0.0022127991653603106,6.322915621160064,mart_add,0.0,2334.132080150729,5
34,2026-06-11 17:00:00+00:00,BTC_USDT,long,long,sell,63356.28936643709,0.00030000000000000003,19.006886809931128,0.0009503443404965564,6.336262562901538,mart_tp,0.1853545955906325,2333.496236616319,6
35,2026-06-11 18:00:00+00:00,BTC_USDT,long,long,buy,63466.44601,0.00030000000000000003,19.039933803,0.0009519966901500001,6.346010000001115,mart_open,0.0,2333.743700816629,6
36,2026-06-12 15:00:00+00:00,BTC_USDT,long,long,sell,64094.700359052986,0.00030000000000000003,19.2284101077159,0.000961420505385795,6.410111047007376,mart_tp,0.1875148842105122,2333.7431395038393,7
37,2026-06-12 15:00:00+00:00,BTC_USDT,short,short,sell,64164.75867786946,0.001,64.16475867786946,0.003208237933893473,6.417117579541809,mart_add,0.0,2334.3088899437753,5
38,2026-06-12 16:00:00+00:00,BTC_USDT,long,long,buy,63987.298090000004,0.00030000000000000003,19.196189427000004,0.0009598094713500002,6.398090000002412,mart_open,0.0,2333.381770707304,7
39,2026-06-13 21:00:00+00:00,BTC_USDT,long,long,sell,64620.708353792914,0.00030000000000000003,19.386212506137877,0.0009693106253068939,6.462717107089702,mart_tp,0.1890537685125661,2332.4029839028162,8
40,2026-06-13 22:00:00+00:00,BTC_USDT,long,long,buy,64466.94605,0.00030000000000000003,19.340083815,0.00096700419075,6.44604999999865,mart_open,0.0,2332.418803083626,8
41,2026-06-14 21:00:00+00:00,BTC_USDT,long,long,sell,65105.104348948946,0.00030000000000000003,19.531531304684684,0.0009765765652342343,6.5111615510468255,mart_tp,0.19047091311945208,2330.583447811745,9
42,2026-06-14 21:00:00+00:00,BTC_USDT,short,short,sell,65120.71733503169,0.0015,97.68107600254753,0.004884053800127377,6.512723005806038,mart_add,0.0,2330.3015397604922,5
43,2026-06-14 22:00:00+00:00,BTC_USDT,long,long,buy,65419.5413,0.00030000000000000003,19.62586239,0.0009812931195000002,6.541299999997136,mart_open,0.0,2329.878956077373,9
44,2026-06-15 11:00:00+00:00,BTC_USDT,long,long,sell,66067.12933932869,0.00030000000000000003,19.82013880179861,0.0009910069400899306,6.607373671300593,mart_tp,0.1932854048585181,2326.8734738722314,10
45,2026-06-15 11:00:00+00:00,BTC_USDT,short,short,sell,66090.91834224766,0.0022,145.40002035294486,0.007270001017647244,6.609752809497877,mart_add,0.0,2326.552084224159,5
46,2026-06-15 12:00:00+00:00,BTC_USDT,long,long,buy,66568.35617,0.00030000000000000003,19.970506851000003,0.0009985253425500002,6.656170000002021,mart_open,0.0,2324.5482888478164,10
47,2026-06-15 15:00:00+00:00,BTC_USDT,long,long,sell,67227.31632772683,0.00030000000000000003,20.168194898318053,0.0010084097449159027,6.723403973170207,mart_tp,0.19667963757313406,2320.2683453363893,11
48,2026-06-15 15:00:00+00:00,BTC_USDT,short,short,sell,67075.57388916964,0.0033,221.3493938342598,0.01106746969171299,6.708228211733513,mart_add,0.0,2319.530201700957,5
49,2026-06-15 16:00:00+00:00,BTC_USDT,long,long,buy,67163.21565,0.0002,13.43264313,0.0006716321565,6.715649999998277,mart_open,0.0,2320.838546938801,11
50,2026-06-15 22:00:00+00:00,BTC_USDT,long,long,buy,66162.38299199152,0.0004,26.464953196796607,0.0013232476598398304,6.615576741518453,mart_add,0.0,2329.6388704943447,11
51,2026-06-17 08:00:00+00:00,BTC_USDT,long,long,buy,65176.46424183635,0.0006000000000000001,39.10587854510182,0.0019552939272550907,6.516994724712276,mart_add,0.0,2340.6987366553153,11
52,2026-06-17 08:00:00+00:00,BTC_USDT,short,short,buy,64902.380292241905,0.0094,610.0823747470739,0.030504118737353696,6.489589070319198,mart_tp,6.070325790565396,2340.904357789504,6
53,2026-06-17 09:00:00+00:00,BTC_USDT,short,short,sell,64901.409210000005,0.00030000000000000003,19.470422763000002,0.0009735211381500001,6.4907899999961955,mart_open,0.0,2340.8779170313655,6
54,2026-06-17 16:00:00+00:00,BTC_USDT,short,short,sell,65868.34285511519,0.0004,26.347337142046076,0.0013173668571023038,6.587493034807267,mart_add,0.0,2341.737426806555,6
55,2026-06-17 18:00:00+00:00,BTC_USDT,short,short,buy,64805.88323460886,0.0007000000000000001,45.36411826422621,0.0022682059132113105,6.479940329423698,mart_tp,0.4513734349066518,2342.0530403364155,7
56,2026-06-17 19:00:00+00:00,BTC_USDT,long,long,buy,64205.23715993663,0.001,64.20523715993663,0.003210261857996832,6.41988172782294,mart_add,0.0,2340.687152914621,11
57,2026-06-17 19:00:00+00:00,BTC_USDT,short,short,sell,64291.370220000004,0.00030000000000000003,19.287411066000004,0.0009643705533000003,6.429779999998573,mart_open,0.0,2340.684259610068,7
58,2026-06-18 14:00:00+00:00,BTC_USDT,short,short,buy,63654.82136345179,0.00030000000000000003,19.09644640903554,0.000954822320451777,6.3648456517767045,mart_tp,0.1900098346440151,2339.8215183787115,8
59,2026-06-18 15:00:00+00:00,BTC_USDT,long,long,buy,63248.48281839783,0.0016,101.19757250943654,0.005059878625471827,6.32421586025157,mart_add,0.0,2335.2232659906495,11
60,2026-06-18 15:00:00+00:00,BTC_USDT,short,short,sell,62363.46303,0.00030000000000000003,18.709038909,0.0009354519454500001,6.236969999998109,mart_open,0.0,2335.2204594477043,8
61,2026-06-18 17:00:00+00:00,BTC_USDT,long,long,buy,62305.98555167947,0.0024000000000000002,149.53436532403074,0.007476718266201538,6.229975557609578,mart_add,0.0,2336.7736374054075,11
62,2026-06-19 13:00:00+00:00,BTC_USDT,short,short,sell,63292.58508395245,0.0004,25.31703403358098,0.0012658517016790492,6.329891497545759,mart_add,0.0,2340.384585587287,8
63,2026-06-20 15:00:00+00:00,BTC_USDT,long,long,sell,64167.78521908371,0.006200000000000001,397.840268358319,0.019892013417915952,6.417420263933309,mart_tp,3.879726479598732,2345.6121019321877,12
64,2026-06-20 15:00:00+00:00,BTC_USDT,short,short,sell,64235.54966282571,0.0007,44.964884763978,0.0022482442381989,6.424197386018932,mart_add,0.0,2345.6660284519276,8
65,2026-06-20 16:00:00+00:00,BTC_USDT,long,long,buy,64038.503209999995,0.00030000000000000003,19.211550963,0.0009605775481500001,6.403209999996761,mart_open,0.0,2345.835626911379,12
66,2026-06-22 01:00:00+00:00,BTC_USDT,long,long,sell,64672.42035327578,0.00030000000000000003,19.401726105982736,0.0009700863052991368,6.467888824212423,mart_tp,0.1892050566774369,2345.2155929310566,13
67,2026-06-22 02:00:00+00:00,BTC_USDT,long,long,buy,64265.025859999994,0.00030000000000000003,19.279507758,0.0009639753879000002,6.425859999995737,mart_open,0.0,2345.706761197669,13
68,2026-06-22 12:00:00+00:00,BTC_USDT,long,long,sell,64901.18535098813,0.00030000000000000003,19.47035560529644,0.0009735177802648221,6.490767611860065,mart_tp,0.1898743295161768,2344.6541032851846,14
69,2026-06-22 12:00:00+00:00,BTC_USDT,short,short,sell,65192.56299947731,0.001,65.19256299947732,0.003259628149973866,6.519908290778403,mart_add,0.0,2344.6959066565123,8
70,2026-06-22 13:00:00+00:00,BTC_USDT,long,long,buy,65581.95753999999,0.00030000000000000003,19.674587262,0.0009837293631,6.557539999994333,mart_open,0.0,2343.6659956651492,14
71,2026-06-22 16:00:00+00:00,BTC_USDT,long,long,buy,64604.68799971768,0.0004,25.841875199887074,0.0012920937599943537,6.45982281769102,mart_add,0.0,2345.502918371502,14
72,2026-06-23 04:00:00+00:00,BTC_USDT,long,long,buy,63641.981241489884,0.0007,44.54938686904292,0.002227469343452146,6.363561767968349,mart_add,0.0,2347.3514540331157,14
73,2026-06-23 05:00:00+00:00,BTC_USDT,short,short,buy,63607.062361469085,0.0024000000000000002,152.65694966752582,0.007632847483376291,6.360070229122357,mart_tp,1.518938191027088,2347.0727315181066,9
74,2026-06-23 06:00:00+00:00,BTC_USDT,long,long,buy,62693.62025801982,0.001,62.69362025801983,0.0031346810129009913,6.268735152283625,mart_add,0.0,2346.6703765790735,14
75,2026-06-23 06:00:00+00:00,BTC_USDT,short,short,sell,62932.10616,0.00030000000000000003,18.879631848000002,0.0009439815924000001,6.293839999998454,mart_open,0.0,2346.6675444454813,9
76,2026-06-23 08:00:00+00:00,BTC_USDT,short,short,buy,62309.01537690984,0.00030000000000000003,18.692704613072955,0.0009346352306536478,6.230278509836353,mart_tp,0.18599259969639537,2345.537105197178,10
77,2026-06-23 09:00:00+00:00,BTC_USDT,short,short,sell,62378.661510000005,0.00030000000000000003,18.713598453000003,0.0009356799226500002,6.238489999996091,mart_open,0.0,2345.524217970255,10
78,2026-06-24 13:00:00+00:00,BTC_USDT,long,long,buy,61759.39127574494,0.0016,98.81502604119191,0.004940751302059596,6.17532159541588,mart_add,0.0,2342.629911177761,14
79,2026-06-24 13:00:00+00:00,BTC_USDT,short,short,buy,61761.0503823895,0.00030000000000000003,18.52831511471685,0.0009264157557358426,6.175487489490479,mart_tp,0.18435692252741642,2342.5007196472884,11
80,2026-06-24 14:00:00+00:00,BTC_USDT,short,short,sell,61107.08868,0.00030000000000000003,18.332126604000003,0.0009166063302000002,6.11131999999634,mart_open,0.0,2341.6167696449584,11
81,2026-06-24 15:00:00+00:00,BTC_USDT,long,long,buy,60839.083706649435,0.0024000000000000002,146.01380089595867,0.007300690044797934,6.083300040663744,mart_add,0.0,2337.1195580589547,14
82,2026-06-24 15:00:00+00:00,BTC_USDT,short,short,buy,60502.06739497932,0.00030000000000000003,18.1506202184938,0.00090753101092469,6.049601779319346,mart_tp,0.18059885449527957,2337.04882030945,12
83,2026-06-24 16:00:00+00:00,BTC_USDT,long,long,buy,59932.49010079479,0.0038,227.74346238302022,0.01138717311915101,5.992649745101517,mart_add,0.0,2334.041470753311,14
84,2026-06-24 16:00:00+00:00,BTC_USDT,short,short,sell,59844.11499,0.00030000000000000003,17.953234497000004,0.0008976617248500002,5.9850099999966915,mart_open,0.0,2334.038777588586,12
85,2026-06-24 17:00:00+00:00,BTC_USDT,short,short,buy,59251.59840748402,0.00030000000000000003,17.77547952224521,0.0008887739761122605,5.9245673840123345,mart_tp,0.17686620077868345,2329.6202992923645,13
86,2026-06-24 18:00:00+00:00,BTC_USDT,short,short,sell,59598.83952,0.00030000000000000003,17.879651856000002,0.0008939825928000001,5.960480000001553,mart_open,0.0,2331.7126971657717,13
87,2026-06-24 20:00:00+00:00,BTC_USDT,short,short,sell,60486.772830588714,0.0004,24.194709132235488,0.0012097354566117744,6.0492822112792055,mart_add,0.0,2344.9215765625504,13
88,2026-06-25 04:00:00+00:00,BTC_USDT,short,short,sell,61387.93501560524,0.0007,42.97155451092367,0.0021485777255461835,6.13940744230058,mart_add,0.0,2348.762242495749,13
89,2026-06-25 07:00:00+00:00,BTC_USDT,long,long,sell,61913.91352848647,0.0102,631.521917990562,0.0315760958995281,6.192010553902946,mart_tp,6.15858298554191,2353.6049843904116,15
90,2026-06-25 08:00:00+00:00,BTC_USDT,long,long,buy,61715.370919999994,0.00030000000000000003,18.514611276,0.0009257305638,6.1709199999968405,mart_open,0.0,2353.8827673838477,15
91,2026-06-25 13:00:00+00:00,BTC_USDT,long,long,buy,60795.71932023561,0.0004,24.318287728094244,0.0012159143864047123,6.078964035616082,mart_add,0.0,2356.632613741367,15
92,2026-06-25 13:00:00+00:00,BTC_USDT,short,short,buy,60145.625635572826,0.0014000000000000002,84.20387588980196,0.004210193794490099,6.013961167438538,mart_tp,0.8378294155626878,2354.0460676577704,14
93,2026-06-25 14:00:00+00:00,BTC_USDT,long,long,buy,59889.771908785115,0.0007,41.92284033614958,0.002096142016807479,5.988378353045846,mart_add,0.0,2354.5668211796037,15
94,2026-06-25 14:00:00+00:00,BTC_USDT,short,short,sell,59462.95311,0.00030000000000000003,17.838885933000004,0.0008919442966500002,5.946889999999257,mart_open,0.0,2354.5641451683073,14
95,2026-06-25 15:00:00+00:00,BTC_USDT,long,long,buy,58997.324472686356,0.0011,64.89705691995499,0.0032448528459977496,5.899142533016857,mart_add,0.0,2355.2666333955062,15
96,2026-06-26 02:00:00+00:00,BTC_USDT,short,short,buy,58874.210411257896,0.00030000000000000003,17.66226312337737,0.0008831131561688687,5.8868323578863055,mart_tp,0.1757396964664651,2352.9949071589726,15
97,2026-06-26 03:00:00+00:00,BTC_USDT,short,short,sell,60037.39566,0.00030000000000000003,18.011218698000004,0.0009005609349000002,6.004339999999502,mart_open,0.0,2356.690705296038,15
98,2026-06-26 07:00:00+00:00,BTC_USDT,long,long,sell,60453.6837161514,0.0025000000000000005,151.13420929037852,0.007556710464518926,6.045972968910064,mart_tp,1.4738563197152008,2357.5629678759515,16
99,2026-06-26 08:00:00+00:00,BTC_USDT,long,long,buy,60247.52415,0.00030000000000000003,18.074257245000002,0.0009037128622500001,6.024149999997462,mart_open,0.0,2357.6467169180896,16
100,2026-06-26 10:00:00+00:00,BTC_USDT,long,long,buy,59349.74566887877,0.0005,29.674872834439388,0.0014837436417219694,5.934381128776295,mart_add,0.0,2357.6285103400082,16
101,2026-06-26 10:00:00+00:00,BTC_USDT,short,short,buy,59442.96540557035,0.00030000000000000003,17.832889621671107,0.0008916444810835554,5.943702170341567,mart_tp,0.1774374318478141,2357.5896190738563,16
102,2026-06-26 11:00:00+00:00,BTC_USDT,short,short,sell,59409.15849,0.00030000000000000003,17.822747547000002,0.0008911373773500002,5.941509999996924,mart_open,0.0,2357.665985483479,16
103,2026-06-26 13:00:00+00:00,BTC_USDT,short,short,buy,58820.94841179051,0.00030000000000000003,17.646284523537155,0.0008823142261768578,5.881506690508104,mart_tp,0.1755807092366711,2358.4469486457156,17
104,2026-06-26 14:00:00+00:00,BTC_USDT,long,long,sell,60277.248397619696,0.0008,48.22179871809576,0.002411089935904788,6.028327672531304,mart_tp,0.4702575487204651,2358.530656273875,17
105,2026-06-26 14:00:00+00:00,BTC_USDT,short,short,sell,59583.34107,0.00030000000000000003,17.875002321000004,0.0008937501160500002,5.9589300000006915,mart_open,0.0,2358.5279748447592,17
106,2026-06-26 15:00:00+00:00,BTC_USDT,long,long,buy,60332.332630000004,0.00030000000000000003,18.099699789000002,0.0009049849894500002,6.032630000001518,mart_open,0.0,2358.3041600707697,17
107,2026-06-26 15:00:00+00:00,BTC_USDT,short,short,sell,60471.043476931394,0.0004,24.18841739077256,0.001209420869538628,6.0477091186039615,mart_add,0.0,2358.360848040673,17
108,2026-06-27 15:00:00+00:00,BTC_USDT,long,long,sell,60929.56239070438,0.00030000000000000003,18.278868717211314,0.0009139434358605657,6.093565595627297,mart_tp,0.17825498477545132,2358.1832128144483,18
109,2026-06-27 16:00:00+00:00,BTC_USDT,long,long,buy,60810.78047,0.00030000000000000003,18.243234141000002,0.0009121617070500001,6.080470000000787,mart_open,0.0,2358.2032965117414,18
110,2026-06-27 22:00:00+00:00,BTC_USDT,long,long,buy,59904.608624826295,0.0005,29.952304312413148,0.0014976152156206575,5.989861876296345,mart_add,0.0,2358.5941845841126,18
111,2026-06-28 17:00:00+00:00,BTC_USDT,short,short,buy,59495.64256172328,0.0007000000000000001,41.6469497932063,0.0020823474896603154,5.9489693592331605,mart_tp,0.4143875710766024,2358.5923424434163,18
112,2026-06-28 18:00:00+00:00,BTC_USDT,short,short,sell,59601.13929,0.00030000000000000003,17.880341787000003,0.0008940170893500002,5.960709999999381,mart_open,0.0,2358.605340213327,18
113,2026-06-28 22:00:00+00:00,BTC_USDT,long,long,buy,59011.940099403444,0.0007,41.30835806958241,0.0020654179034791205,5.900603949543438,mart_add,0.0,2358.375246725841,18
114,2026-06-28 22:00:00+00:00,BTC_USDT,short,short,buy,59011.02840988972,0.00030000000000000003,17.703308522966918,0.0008851654261483459,5.900512789710774,mart_tp,0.17614809860693842,2358.392023037448,19
115,2026-06-28 23:00:00+00:00,BTC_USDT,short,short,sell,59570.242379999996,0.00030000000000000003,17.871072714,0.0008935536357000001,5.957620000001043,mart_open,0.0,2359.1487921978123,19
116,2026-06-29 02:00:00+00:00,BTC_USDT,short,short,buy,58980.43741019561,0.00030000000000000003,17.694131223058687,0.0008847065611529344,5.89745399561798,mart_tp,0.17605678438016206,2359.5930362681925,20
117,2026-06-29 03:00:00+00:00,BTC_USDT,short,short,sell,60038.79552000001,0.00030000000000000003,18.011638656000002,0.0009005819328000001,6.004479999995965,mart_open,0.0,2360.0268343422595,20
118,2026-06-29 05:00:00+00:00,BTC_USDT,short,short,buy,59444.35140555648,0.00030000000000000003,17.833305421666946,0.0008916652710833473,5.943840756481222,mart_tp,0.17744156906197228,2360.293977255322,21
119,2026-06-29 06:00:00+00:00,BTC_USDT,long,long,sell,60259.93039645113,0.0015,90.38989559467669,0.0045194947797338346,6.02659569921525,mart_tp,0.8814795769014033,2360.5242533552187,19
120,2026-06-29 06:00:00+00:00,BTC_USDT,short,short,sell,60070.69233,0.00030000000000000003,18.021207699,0.0009010603849500001,6.007669999999052,mart_open,0.0,2360.5215499938336,21
121,2026-06-29 07:00:00+00:00,BTC_USDT,long,long,buy,60036.10301,0.00030000000000000003,18.010830903000002,0.0009005415451500002,6.003010000000359,mart_open,0.0,2360.5328285492883,19
122,2026-06-29 12:00:00+00:00,BTC_USDT,long,long,sell,60630.40039369599,0.00030000000000000003,18.1891201181088,0.0009094560059054401,6.063646404007159,mart_tp,0.17737975910289266,2360.7356492113913,20
123,2026-06-29 13:00:00+00:00,BTC_USDT,long,long,buy,59587.358140000004,0.00030000000000000003,17.876207442000002,0.0008938103721000001,5.958140000002459,mart_open,0.0,2360.843937959019,20
124,2026-06-29 13:00:00+00:00,BTC_USDT,short,short,buy,59475.93240524067,0.00030000000000000003,17.842779721572203,0.0008921389860786102,5.946998540668574,mart_tp,0.17753583844172088,2360.874686098461,22
125,2026-06-29 14:00:00+00:00,BTC_USDT,short,short,sell,59453.95401,0.00030000000000000003,17.836186203,0.0008918093101500001,5.945990000000165,mart_open,0.0,2360.8355604921508,22
126,2026-06-29 17:00:00+00:00,BTC_USDT,long,long,sell,60177.21339822787,0.00030000000000000003,18.053164019468362,0.0009026582009734181,6.01832317213848,mart_tp,0.17605391926738592,2360.7658418534184,21
127,2026-06-29 17:00:00+00:00,BTC_USDT,short,short,sell,60339.72874381798,0.0004,24.135891497527194,0.0012067945748763598,6.034576332014694,mart_add,0.0,2360.7378865563705,22
128,2026-06-29 18:00:00+00:00,BTC_USDT,long,long,buy,60296.32903,0.00030000000000000003,18.088898709000002,0.0009044449354500001,6.029029999997874,mart_open,0.0,2360.816583402435,21
129,2026-06-30 05:00:00+00:00,BTC_USDT,long,long,buy,59397.82328295945,0.0005,29.698911641479725,0.0014849455820739863,5.939188409451162,mart_add,0.0,2361.1974668153734,21
130,2026-06-30 08:00:00+00:00,BTC_USDT,short,short,buy,59366.445941734666,0.0007000000000000001,41.55651215921427,0.0020778256079607136,5.9360509890757385,mart_tp,0.41348771570496,2361.126996830551,23
131,2026-06-30 09:00:00+00:00,BTC_USDT,short,short,sell,59367.16269,0.00030000000000000003,17.810148807,0.0008905074403500001,5.937310000001162,mart_open,0.0,2361.1695251301107,23
132,2026-06-30 12:00:00+00:00,BTC_USDT,long,long,buy,58512.70661930843,0.0007,40.958894633515904,0.0020479447316757954,5.8506855933737825,mart_add,0.0,2360.616552551863,21
133,2026-06-30 12:00:00+00:00,BTC_USDT,short,short,buy,58779.368412206306,0.00030000000000000003,17.633810523661893,0.0008816905261830947,5.877349106311158,mart_tp,0.17545659281192436,2360.505490337675,24
134,2026-06-30 13:00:00+00:00,BTC_USDT,short,short,sell,58728.726539999996,0.00030000000000000003,17.618617962000002,0.0008809308981000001,5.873460000002524,mart_open,0.0,2360.986597368777,24
135,2026-07-01 01:00:00+00:00,BTC_USDT,short,short,buy,58147.25341852746,0.00030000000000000003,17.444176025558242,0.0008722088012779122,5.814143927462283,mart_tp,0.17356972764048403,2361.2163791344174,25
136,2026-07-01 02:00:00+00:00,BTC_USDT,short,short,sell,59082.19119,0.00030000000000000003,17.724657357,0.0008862328678500001,5.908810000000813,mart_open,0.0,2361.6895202585492,25
137,2026-07-01 12:00:00+00:00,BTC_USDT,short,short,buy,58497.21841502781,0.00030000000000000003,17.549165524508346,0.0008774582762254173,5.849136927812651,mart_tp,0.17461437421543038,2361.032507275765,26
138,2026-07-01 13:00:00+00:00,BTC_USDT,short,short,sell,59487.15069,0.00030000000000000003,17.846145207000003,0.0008923072603500002,5.949309999996331,mart_open,0.0,2362.4707301755043,26
139,2026-07-01 14:00:00+00:00,BTC_USDT,long,long,sell,59750.13907775481,0.0015,89.62520861663221,0.004481260430831611,5.97561146892258,mart_tp,0.8740223722057382,2362.837017531706,22
140,2026-07-01 15:00:00+00:00,BTC_USDT,long,long,buy,60148.81428,0.00030000000000000003,18.044644284,0.0009022322142000001,6.014279999995779,mart_open,0.0,2362.6541910154915,22
141,2026-07-01 15:00:00+00:00,BTC_USDT,short,short,sell,60373.420004554966,0.0004,24.149368001821987,0.0012074684000910993,6.037945795033011,mart_add,0.0,2362.7452315489136,26
142,2026-07-01 21:00:00+00:00,BTC_USDT,long,long,sell,60744.22739255772,0.00030000000000000003,18.223268217767316,0.0009111634108883659,6.075030242282082,mart_tp,0.17771277035642727,2362.45560860327,23
143,2026-07-01 22:00:00+00:00,BTC_USDT,long,long,buy,60479.84738,0.00030000000000000003,18.143954214,0.0009071977107,6.047379999996338,mart_open,0.0,2362.6903271915594,23
144,2026-07-01 22:00:00+00:00,BTC_USDT,short,short,sell,61272.893402492824,0.0007,42.891025381744974,0.0021445512690872488,6.1279021304580965,mart_add,0.0,2363.2475480220355,26
145,2026-07-01 23:00:00+00:00,BTC_USDT,short,short,buy,60032.912122844114,0.0014000000000000002,84.04607697198178,0.004202303848599089,6.002690943190828,mart_tp,0.8362593147366002,2363.7264887462047,27
146,2026-07-02 00:00:00+00:00,BTC_USDT,short,short,sell,59745.924810000004,0.00030000000000000003,17.923777443000002,0.0008961888721500001,5.975189999997383,mart_open,0.0,2363.6413300003323,27
147,2026-07-02 03:00:00+00:00,BTC_USDT,long,long,sell,61078.53738921462,0.00030000000000000003,18.32356121676439,0.0009161780608382195,6.108464585377078,mart_tp,0.1786908247035491,2363.6442650390363,24
148,2026-07-02 03:00:00+00:00,BTC_USDT,short,short,sell,60636.049470781785,0.0004,24.254419788312717,0.0012127209894156358,6.064211368211545,mart_add,0.0,2363.4711921063595,27
149,2026-07-02 04:00:00+00:00,BTC_USDT,long,long,buy,60794.67886,0.00030000000000000003,18.238403658000003,0.0009119201829000001,6.078860000001441,mart_open,0.0,2363.662426528176,24
150,2026-07-02 09:00:00+00:00,BTC_USDT,long,long,sell,61396.48538603514,0.00030000000000000003,18.418945615810543,0.0009209472807905272,6.140262564862496,mart_tp,0.17962101052975024,2363.568771196706,25
151,2026-07-02 10:00:00+00:00,BTC_USDT,long,long,buy,61270.226409999996,0.00030000000000000003,18.381067923,0.00091905339615,6.126409999997122,mart_open,0.0,2363.50826422031,25
152,2026-07-02 12:00:00+00:00,BTC_USDT,short,short,sell,61539.43565382222,0.0007,43.077604957675554,0.0021538802478837777,6.154559021284513,mart_add,0.0,2363.395025297738,27
153,2026-07-02 13:00:00+00:00,BTC_USDT,long,long,sell,61876.74038123259,0.00030000000000000003,18.563022114369776,0.0009281511057184889,6.188292867409473,mart_tp,0.1810260402640588,2362.9441292610018,26
154,2026-07-02 14:00:00+00:00,BTC_USDT,long,long,buy,61698.76926,0.00030000000000000003,18.509630778000002,0.0009254815389000002,6.169260000002396,mart_open,0.0,2363.279033001463,26
155,2026-07-03 15:00:00+00:00,BTC_USDT,long,long,sell,62309.52537690474,0.00030000000000000003,18.692857613071425,0.0009346428806535713,6.23157569525938,mart_tp,0.18229219219076856,2363.139215971654,27
156,2026-07-03 16:00:00+00:00,BTC_USDT,long,long,buy,62116.31101,0.00030000000000000003,18.634893303000002,0.0009317446651500002,6.211009999999078,mart_open,0.0,2362.875880923989,27
157,2026-07-03 20:00:00+00:00,BTC_USDT,long,long,sell,62731.20037268799,0.00030000000000000003,18.8193601118064,0.00094096800559032,6.273747412007651,mart_tp,0.18352584080080803,2362.1298500677894,28
158,2026-07-03 20:00:00+00:00,BTC_USDT,short,short,sell,62456.28093591068,0.001,62.456280935910684,0.0031228140467955343,6.246252718861797,mart_add,0.0,2361.8076081896534,27
159,2026-07-03 21:00:00+00:00,BTC_USDT,long,long,buy,62735.272899999996,0.00030000000000000003,18.82058187,0.0009410290935000001,6.272899999996298,mart_open,0.0,2361.9161452905596,28
160,2026-07-04 17:00:00+00:00,BTC_USDT,long,long,sell,63356.28936643709,0.00030000000000000003,19.006886809931128,0.0009503443404965564,6.336262562901538,mart_tp,0.1853545955906325,2360.7929817561503,29
161,2026-07-04 17:00:00+00:00,BTC_USDT,short,short,sell,63386.78583743434,0.0015,95.08017875615151,0.004754008937807576,6.3393125149959815,mart_add,0.0,2360.9559065033645,27
162,2026-07-04 18:00:00+00:00,BTC_USDT,long,long,buy,63172.516619999995,0.00030000000000000003,18.951754986,0.0009475877493000001,6.3166199999977835,mart_open,0.0,2361.377383929615,29
163,2026-07-05 22:00:00+00:00,BTC_USDT,long,long,sell,63797.86136202137,0.00030000000000000003,19.139358408606412,0.0009569679204303207,6.38042417862016,mart_tp,0.18664645468598307,2359.3476053703007,30
164,2026-07-05 23:00:00+00:00,BTC_USDT,long,long,buy,63653.46471,0.00030000000000000003,19.096039413000003,0.0009548019706500002,6.364710000001651,mart_open,0.0,2359.6875511553303,30
165,2026-07-06 09:00:00+00:00,BTC_USDT,long,long,buy,62704.93260562394,0.0004,25.081973042249576,0.0012540986521124787,6.269866273934895,mart_add,0.0,2363.1924440144285,30
166,2026-07-06 12:00:00+00:00,BTC_USDT,long,long,buy,61770.53505240123,0.0007,43.23937453668086,0.0021619687268340433,6.1764358616565005,mart_add,0.0,2366.106847509021,30
167,2026-07-06 13:00:00+00:00,BTC_USDT,short,short,buy,61638.04505029902,0.0039000000000000003,240.3883756961662,0.01201941878480831,6.16318818621221,mart_tp,2.3918667660994832,2366.57261239407,28
168,2026-07-06 14:00:00+00:00,BTC_USDT,short,short,sell,62037.59562,0.00030000000000000003,18.611278686000002,0.0009305639343000001,6.204380000002857,mart_open,0.0,2366.9504805161355,28
169,2026-07-06 15:00:00+00:00,BTC_USDT,long,long,sell,63059.09407554539,0.0014000000000000002,88.28273170576357,0.004414136585288179,6.3065400615596445,mart_tp,0.8609305772478324,2367.9166380853135,31
170,2026-07-06 15:00:00+00:00,BTC_USDT,short,short,sell,62961.862738344564,0.0004,25.184745095337828,0.0012592372547668915,6.296815955429338,mart_add,0.0,2367.681483943397,28
171,2026-07-06 16:00:00+00:00,BTC_USDT,long,long,buy,63735.57292,0.00030000000000000003,19.120671876000003,0.0009560335938000002,6.3729200000016135,mart_open,0.0,2367.5507960338027,31
172,2026-07-06 17:00:00+00:00,BTC_USDT,short,short,sell,63899.90005035178,0.0007,44.72993003524625,0.0022364965017623124,6.390629067944246,mart_add,0.0,2367.825239572547,28
173,2026-07-06 21:00:00+00:00,BTC_USDT,long,long,sell,64366.49135633509,0.00030000000000000003,19.30994740690053,0.0009654973703450265,6.437292864917254,mart_tp,0.18831003353018108,2366.7983314820776,32
174,2026-07-06 22:00:00+00:00,BTC_USDT,long,long,buy,64253.72473,0.00030000000000000003,19.276117419000002,0.0009638058709500001,6.424729999998817,mart_open,0.0,2367.1300402572065,32
175,2026-07-07 03:00:00+00:00,BTC_USDT,long,long,buy,63296.2478509359,0.0004,25.31849914037436,0.001265924957018718,6.328991885900905,mart_add,0.0,2368.249235191875,32
176,2026-07-08 02:00:00+00:00,BTC_USDT,short,short,buy,62606.755962747186,0.0014000000000000002,87.64945834784608,0.004382472917392304,6.260049591313873,mart_tp,0.8721129958206121,2368.916704371112,29
177,2026-07-08 03:00:00+00:00,BTC_USDT,short,short,sell,62759.12346,0.00030000000000000003,18.827737038000002,0.0009413868519000002,6.276539999998931,mart_open,0.0,2368.76142002226,29
178,2026-07-08 08:00:00+00:00,BTC_USDT,long,long,buy,62353.038813585175,0.0007,43.64712716950962,0.0021823563584754814,6.234680413319438,mart_add,0.0,2368.2259704963917,32
179,2026-07-08 08:00:00+00:00,BTC_USDT,short,short,buy,62137.74537862254,0.00030000000000000003,18.641323613586763,0.0009320661806793382,6.213153222539404,mart_tp,0.1854813582325601,2368.1891748166245,30
180,2026-07-08 09:00:00+00:00,BTC_USDT,short,short,sell,62053.09407000001,0.00030000000000000003,18.615928221000004,0.0009307964110500003,6.205929999996442,mart_open,0.0,2368.2439222412136,30
181,2026-07-09 07:00:00+00:00,BTC_USDT,short,short,sell,62977.5920920019,0.0004,25.19103683680076,0.001259551841840038,6.298389048104582,mart_add,0.0,2369.2710595261724,30
182,2026-07-10 01:00:00+00:00,BTC_USDT,long,long,sell,63653.749107183,0.0014000000000000002,89.11524875005621,0.004455762437502811,6.3660115118691465,mart_tp,0.8690492587347237,2369.654682513791,33
183,2026-07-10 01:00:00+00:00,BTC_USDT,short,short,sell,63915.863747784584,0.0007,44.74110462344921,0.0022370552311724605,6.392225597337529,mart_add,0.0,2369.768970082009,30
184,2026-07-10 02:00:00+00:00,BTC_USDT,long,long,buy,63968.49621,0.00030000000000000003,19.190548863,0.00095952744315,6.396209999998973,mart_open,0.0,2369.4683116915658,33
185,2026-07-10 13:00:00+00:00,BTC_USDT,long,long,sell,64601.72035398279,0.00030000000000000003,19.38051610619484,0.0009690258053097421,6.460818117207964,mart_tp,0.1889982173895279,2368.9250687719555,34
186,2026-07-10 14:00:00+00:00,BTC_USDT,long,long,buy,63921.991559999995,0.00030000000000000003,19.176597468,0.0009588298734000001,6.391559999996389,mart_open,0.0,2369.721452474082,34
187,2026-07-13 03:00:00+00:00,BTC_USDT,long,long,buy,62969.45800276865,0.0004,25.18778320110746,0.0012593891600553731,6.296316168656631,mart_add,0.0,2370.8727798838145,34
188,2026-07-13 05:00:00+00:00,BTC_USDT,short,short,buy,62622.39660238279,0.0014000000000000002,87.67135524333592,0.004383567762166796,6.261613498885708,mart_tp,0.8723308701518968,2371.1211010727166,31
189,2026-07-13 06:00:00+00:00,BTC_USDT,short,short,sell,62790.42033,0.00030000000000000003,18.837126099000002,0.0009418563049500002,6.279669999996258,mart_open,0.0,2371.1186953154115,31
190,2026-07-13 14:00:00+00:00,BTC_USDT,short,short,buy,62168.73237831267,0.00030000000000000003,18.650619713493803,0.0009325309856746902,6.216251612670021,mart_tp,0.18557385452052447,2371.300133070932,32
191,2026-07-13 15:00:00+00:00,BTC_USDT,short,short,sell,62608.43853,0.00030000000000000003,18.782531559000002,0.0009391265779500001,6.261469999997644,mart_open,0.0,2371.1759355033537,32
192,2026-07-13 17:00:00+00:00,BTC_USDT,long,long,buy,62031.11862434039,0.0007,43.421783037038274,0.0021710891518519136,6.2024916132722865,mart_add,0.0,2370.798631377164,34
193,2026-07-13 17:00:00+00:00,BTC_USDT,short,short,buy,61988.55238011447,0.00030000000000000003,18.596565714034345,0.0009298282857017172,6.198235414471128,mart_tp,0.18503601667995606,2370.7718258348436,33
194,2026-07-13 18:00:00+00:00,BTC_USDT,short,short,sell,62013.39804,0.00030000000000000003,18.604019412000003,0.0009302009706000002,6.2019599999985076,mart_open,0.0,2370.933255045873,33
195,2026-07-14 12:00:00+00:00,BTC_USDT,long,long,sell,63325.11352905205,0.0014000000000000002,88.65515894067288,0.004432757947033644,6.333144667369197,mart_tp,0.8645624765801041,2372.176761228599,35
196,2026-07-14 12:00:00+00:00,BTC_USDT,short,short,sell,62937.304650698934,0.0004,25.174921860279575,0.0012587460930139787,6.294359901061398,mart_add,0.0,2371.7695443427856,33
197,2026-07-14 13:00:00+00:00,BTC_USDT,long,long,buy,63848.98426,0.00030000000000000003,19.154695278000002,0.0009577347639000001,6.384259999998903,mart_open,0.0,2371.8433913300214,35
198,2026-07-14 13:00:00+00:00,BTC_USDT,short,short,sell,63874.97608403737,0.0007,44.71248325882616,0.0022356241629413083,6.388136422043317,mart_add,0.0,2371.863818964685,33
199,2026-07-14 15:00:00+00:00,BTC_USDT,long,long,sell,64481.02535518974,0.00030000000000000003,19.344307606556924,0.0009672153803278463,6.448747410257056,mart_tp,0.18864511317659505,2370.7911593558615,36
200,2026-07-14 15:00:00+00:00,BTC_USDT,short,short,sell,64826.617415225395,0.001,64.8266174152254,0.00324133087076127,6.483310072530003,mart_add,0.0,2370.8696354402164,33
201,2026-07-14 16:00:00+00:00,BTC_USDT,long,long,buy,64732.67262,0.00030000000000000003,19.419801786,0.0009709900893,6.472620000000461,mart_open,0.0,2370.911602664127,36
202,2026-07-15 13:00:00+00:00,BTC_USDT,long,long,sell,65373.46134626538,0.00030000000000000003,19.612038403879616,0.000980601920193981,6.5379999346187105,mart_tp,0.19125601595942068,2370.165680466086,37
203,2026-07-15 14:00:00+00:00,BTC_USDT,long,long,buy,65406.54,0.00030000000000000003,19.621962000000003,0.0009810981000000002,6.540000000000873,mart_open,0.0,2369.484737367986,37
204,2026-07-16 01:00:00+00:00,BTC_USDT,long,long,buy,64431.88444419,0.0004,25.772753777676,0.0012886376888838,6.4425441900020815,mart_add,0.0,2371.008844952621,37
205,2026-07-17 02:00:00+00:00,BTC_USDT,long,long,buy,63471.7527181449,0.0007,44.43022690270143,0.0022215113451350714,6.34654061774927,mart_add,0.0,2373.1333465385746,37
206,2026-07-17 05:00:00+00:00,BTC_USDT,short,short,buy,63250.01667209187,0.0024000000000000002,151.8000400130205,0.007590002000651025,6.324369230285811,mart_tp,1.5104119313099724,2372.7835365235533,34
207,2026-07-17 06:00:00+00:00,BTC_USDT,short,short,sell,62938.90548,0.00030000000000000003,18.881671644,0.0009440835822000001,6.294519999995828,mart_open,0.0,2372.9310640839713,34
208,2026-07-17 17:00:00+00:00,BTC_USDT,short,short,sell,63876.600763293776,0.0004,25.55064030531751,0.0012775320152658756,6.388298906218552,mart_add,0.0,2374.0787168572733,34
209,2026-07-18 21:00:00+00:00,BTC_USDT,long,long,sell,64795.79984855034,0.0014000000000000002,90.71411978797049,0.004535705989398525,6.4802280076546595,mart_tp,0.8846414016036608,2374.6378909392547,38
210,2026-07-18 21:00:00+00:00,BTC_USDT,short,short,sell,64828.2662997657,0.0006000000000000001,38.89695977985942,0.0019448479889929713,6.483474977474543,mart_add,0.0,2374.693705871125,34
211,2026-07-18 22:00:00+00:00,BTC_USDT,long,long,buy,64814.38079,0.00030000000000000003,19.444314237000004,0.0009722157118500003,6.480790000001434,mart_open,0.0,2374.5921194184134,38
212,2026-07-20 06:00:00+00:00,BTC_USDT,long,long,buy,63848.549294657816,0.0004,25.539419717863126,0.0012769709858931563,6.384216507816745,mart_add,0.0,2375.5092427295644,38
213,2026-07-20 11:00:00+00:00,BTC_USDT,long,long,sell,64898.61133897473,0.0007000000000000001,45.42902793728232,0.002271451396864116,6.490510184914456,mart_tp,0.4430225310223285,2374.7838692154496,39
214,2026-07-20 12:00:00+00:00,BTC_USDT,long,long,buy,64650.06436,0.00030000000000000003,19.395019308000002,0.0009697509654000002,6.464359999998123,mart_open,0.0,2375.2464901564845,39
215,2026-07-20 15:00:00+00:00,BTC_USDT,long,long,sell,65290.03534709965,0.00030000000000000003,19.587010604129897,0.000979350530206495,6.529656500359124,mart_tp,0.19101194559968696,2374.196511410084,40
216,2026-07-20 16:00:00+00:00,BTC_USDT,long,long,buy,65507.95014,0.00030000000000000003,19.652385042000002,0.0009826192521,6.550139999999374,mart_open,0.0,2374.321353748832,40
217,2026-07-21 05:00:00+00:00,BTC_USDT,short,short,sell,65794.11022523275,0.001,65.79411022523276,0.003289705511261638,6.58006902942725,mart_add,0.0,2374.117574268553,34
218,2026-07-21 07:00:00+00:00,BTC_USDT,long,long,sell,66156.41333843587,0.00030000000000000003,19.846924001530763,0.000992346200076538,6.616302964132046,mart_tp,0.19354661333068482,2373.225495923884,41
219,2026-07-21 08:00:00+00:00,BTC_USDT,long,long,buy,66233.42268,0.00030000000000000003,19.870026804000002,0.0009935013402,6.6226800000004005,mart_open,0.0,2373.1348856185436,41
220,2026-07-21 13:00:00+00:00,BTC_USDT,short,short,sell,66774.34377642338,0.0015,100.16151566463508,0.005008075783231754,6.678102187855984,mart_add,0.0,2371.9999432073955,34
221,2026-07-21 14:00:00+00:00,BTC_USDT,long,long,sell,66889.06733110933,0.00030000000000000003,20.0667201993328,0.00100333600996664,6.689575690674246,mart_tp,0.19569005932283046,2371.8179500707183,42
222,2026-07-21 15:00:00+00:00,BTC_USDT,long,long,buy,66692.16855,0.0002,13.33843371,0.0006669216855000001,6.668550000002142,mart_open,0.0,2372.403809439033,42
223,2026-07-22 12:00:00+00:00,BTC_USDT,long,long,buy,65698.35520035218,0.0004,26.27934208014087,0.0013139671040070437,6.569178602177999,mart_add,0.0,2376.137193391788,42
224,2026-07-23 13:00:00+00:00,BTC_USDT,short,short,buy,64951.77048624174,0.0038,246.8167278477186,0.01234083639238593,6.494527595867112,mart_tp,2.45582893493378,2378.290424707677,35
225,2026-07-23 14:00:00+00:00,BTC_USDT,short,short,sell,64898.5095,0.00030000000000000003,19.469552850000003,0.0009734776425000002,6.490499999999884,mart_open,0.0,2378.3019640800344,35
226,2026-07-23 16:00:00+00:00,BTC_USDT,long,long,buy,64719.351160334125,0.0006000000000000001,38.83161069620048,0.001941580534810024,6.471287987231335,mart_add,0.0,2378.273981803299,42
227,2026-07-24 13:00:00+00:00,BTC_USDT,short,short,buy,64255.949357440506,0.00030000000000000003,19.276784807232154,0.0009638392403616078,6.4249524405022385,mart_tp,0.19180420352748884,2377.7001231568265,36
228,2026-07-24 14:00:00+00:00,BTC_USDT,long,long,buy,63754.935749018405,0.001,63.75493574901841,0.0031877467874509204,6.374856089292734,mart_add,0.0,2377.887539661021,42
229,2026-07-24 14:00:00+00:00,BTC_USDT,short,short,sell,64051.09425,0.00030000000000000003,19.215328275,0.0009607664137500001,6.405749999998079,mart_open,0.0,2377.8846571696067,36
230,2026-07-26 22:00:00+00:00,BTC_USDT,long,long,sell,65278.183100530725,0.0022,143.6120028211676,0.007180600141058381,6.528471157165768,mart_tp,1.40049998566677,2380.158849390634,43
231,2026-07-26 22:00:00+00:00,BTC_USDT,short,short,sell,65005.359477683625,0.0004,26.00214379107345,0.0013001071895536727,6.501186066372611,mart_add,0.0,2379.9978530745175,36
232,2026-07-26 23:00:00+00:00,BTC_USDT,long,long,buy,65405.939940000004,0.00030000000000000003,19.621781982,0.0009810890991000002,6.539940000002389,mart_open,0.0,2379.998550003418,43
233,2026-07-27 15:00:00+00:00,BTC_USDT,long,long,buy,64431.293325984094,0.0004,25.77251733039364,0.001288625866519682,6.442485084087821,mart_add,0.0,2380.384504047158,43
234,2026-07-27 22:00:00+00:00,BTC_USDT,short,short,buy,63956.819821638936,0.0007000000000000001,44.76977387514726,0.002238488693757363,6.395042477917741,mart_tp,0.4454597022324371,2380.2708116833173,37
235,2026-07-27 23:00:00+00:00,BTC_USDT,short,short,sell,63753.324029999996,0.00030000000000000003,19.125997209,0.0009562998604500001,6.375970000000962,mart_open,0.0,2380.241412592457,37
236,2026-07-28 01:00:00+00:00,BTC_USDT,long,long,buy,63471.17040848694,0.0007,44.42981928594086,0.002221490964297043,6.346482392611506,mart_add,0.0,2379.8623418155516,43
237,2026-07-28 01:00:00+00:00,BTC_USDT,short,short,buy,63122.102368778964,0.00030000000000000003,18.93663071063369,0.0009468315355316845,6.311579078967043,mart_tp,0.18841966683077802,2379.8948142733825,38
238,2026-07-28 02:00:00+00:00,BTC_USDT,short,short,sell,63180.981270000004,0.00030000000000000003,18.954294381000004,0.0009477147190500002,6.31872999999905,mart_open,0.0,2379.8272909396637,38
239,2026-07-29 00:00:00+00:00,BTC_USDT,short,short,sell,64122.283119451095,0.0004,25.64891324778044,0.001282445662389022,6.412869598905672,mart_add,0.0,2380.7395617417815,38
240,2026-07-30 11:00:00+00:00,BTC_USDT,long,long,sell,64795.20539167101,0.0014000000000000002,90.71328754833942,0.004535664377416971,6.480168556023273,mart_tp,0.8846332856274967,2381.3268136257434,44
241,2026-07-30 12:00:00+00:00,BTC_USDT,long,long,buy,64928.292180000004,0.00030000000000000003,19.478487654000002,0.0009739243827000002,6.492180000001099,mart_open,0.0,2381.229462047361,44
242,2026-07-30 13:00:00+00:00,BTC_USDT,short,short,sell,65077.608954506235,0.0006000000000000001,39.046565372703746,0.0019523282686351874,6.508411736620474,mart_add,0.0,2381.220995091796,38
243,2026-07-31 07:00:00+00:00,BTC_USDT,long,long,buy,63960.76323407973,0.0004,25.584305293631893,0.0012792152646815948,6.395436779726879,mart_add,0.0,2382.2896105828995,44
244,2026-07-31 09:00:00+00:00,BTC_USDT,short,short,buy,63708.88969153576,0.0013000000000000002,82.8215565989965,0.004141077829949825,6.370251943961193,mart_tp,0.8240753246577442,2382.437052906073,39
245,2026-07-31 10:00:00+00:00,BTC_USDT,short,short,sell,63920.80728,0.00030000000000000003,19.176242184000003,0.0009588121092000002,6.392719999996189,mart_open,0.0,2382.5776762779637,39
246,2026-07-31 13:00:00+00:00,BTC_USDT,short,short,buy,63287.92736712072,0.00030000000000000003,18.986378210136216,0.0009493189105068109,6.328159920718463,mart_tp,0.1889146549532777,2382.310568748917,40
247,2026-07-31 14:00:00+00:00,BTC_USDT,long,long,buy,63007.65192074709,0.0007,44.10535634452297,0.0022052678172261486,6.300135178556957,mart_add,0.0,2381.6858871365766,44
248,2026-07-31 14:00:00+00:00,BTC_USDT,short,short,sell,62689.43043,0.00030000000000000003,18.806829129,0.0009403414564500001,6.269569999996747,mart_open,0.0,2381.6830659241205,40
249,2026-08-02 21:00:00+00:00,BTC_USDT,short,short,sell,63623.40890926135,0.0004,25.44936356370454,0.0012724681781852271,6.362977188640798,mart_add,0.0,2382.6707670196465,40
250,2026-08-03 07:00:00+00:00,BTC_USDT,short,short,buy,62597.16018407724,0.0007000000000000001,43.81801212885408,0.002190900606442704,6.259090109393583,mart_tp,0.4359896632440261,2382.0061239901866,41
251,2026-08-03 08:00:00+00:00,BTC_USDT,short,short,sell,62535.84579,0.00030000000000000003,18.760753737,0.0009380376868500001,6.254209999999148,mart_open,0.0,2381.9018096894997,41
252,2026-08-03 14:00:00+00:00,BTC_USDT,short,short,sell,63467.53608850231,0.0004,25.387014435400925,0.0012693507217700463,6.347388347683591,mart_add,0.0,2383.2710147741786,41
253,2026-08-04 18:00:00+00:00,BTC_USDT,long,long,sell,64322.01771571277,0.0014000000000000002,90.05082480199789,0.0045025412400998945,6.432845056078804,mart_tp,0.8781729686029385,2383.520567034936,45
254,2026-08-04 19:00:00+00:00,BTC_USDT,long,long,buy,64233.22268,0.00030000000000000003,19.269966804000003,0.0009634983402000001,6.422679999996035,mart_open,0.0,2383.575916732596,45
255,2026-08-04 20:00:00+00:00,BTC_USDT,short,short,sell,64413.107174916855,0.0006000000000000001,38.64786430495012,0.001932393215247506,6.4419549129816005,mart_add,0.0,2383.567168644331,41
256,2026-08-05 19:00:00+00:00,BTC_USDT,long,long,sell,64869.06735130933,0.00030000000000000003,19.4607202053928,0.00097303601026964,6.487555490675732,mart_tp,0.1897803653825269,2383.0794058137135,46
257,2026-08-05 20:00:00+00:00,BTC_USDT,long,long,buy,64837.4831,0.00030000000000000003,19.45124493,0.0009725622465000002,6.483099999997648,mart_open,0.0,2383.0890983214667,46
258,2026-08-07 12:00:00+00:00,BTC_USDT,short,short,sell,65372.765852162345,0.001,65.37276585216235,0.0032686382926081173,6.5379303782538045,mart_add,0.0,2382.7161955353367,41
259,2026-08-10 16:00:00+00:00,BTC_USDT,long,long,buy,63871.30734558535,0.0004,25.548522938234143,0.0012774261469117073,6.386492085352074,mart_add,0.0,2385.493235170956,46
260,2026-08-11 14:00:00+00:00,BTC_USDT,short,short,buy,63783.21000767517,0.0023,146.7013830176529,0.0073350691508826445,6.377683232443815,mart_tp,1.4596802427096345,2385.669167084152,42
261,2026-08-11 15:00:00+00:00,BTC_USDT,short,short,sell,63600.53931,0.00030000000000000003,19.080161793000002,0.0009540080896500001,6.360690000001341,mart_open,0.0,2385.5530448690624,42
262,2026-08-13 16:00:00+00:00,BTC_USDT,long,long,buy,62919.52905917511,0.0007,44.043670341422576,0.002202183517071129,6.29132377354108,mart_add,0.0,2385.5392023441227,46
263,2026-08-13 16:00:00+00:00,BTC_USDT,short,short,buy,62970.83037029169,0.00030000000000000003,18.891249111087507,0.0009445624555543754,6.296453391689283,mart_tp,0.18796811945693892,2385.5946786705795,43
264,2026-08-13 17:00:00+00:00,BTC_USDT,short,short,sell,63140.78529,0.00030000000000000003,18.942235587000003,0.0009471117793500002,6.31470999999874,mart_open,0.0,2385.5753171458,43
265,2026-08-17 15:00:00+00:00,BTC_USDT,short,short,sell,64081.48827964306,0.0004,25.632595311857227,0.0012816297655928613,6.408789706933021,mart_add,0.0,2386.6858708278914,43
266,2026-08-17 17:00:00+00:00,BTC_USDT,long,long,sell,64232.05657463865,0.0014000000000000002,89.92487920449412,0.004496243960224706,6.423848042264581,mart_tp,0.8769447508771724,2386.6358137884254,47
267,2026-08-17 18:00:00+00:00,BTC_USDT,long,long,buy,64435.34289,0.00030000000000000003,19.330602867000003,0.0009665301433500002,6.442889999998442,mart_open,0.0,2386.5620743912823,47
268,2026-08-18 14:00:00+00:00,BTC_USDT,short,short,sell,65036.20633277732,0.0006000000000000001,39.0217237996664,0.00195108618998332,6.504271060381143,mart_add,0.0,2386.6339071047587,43
269,2026-08-19 13:00:00+00:00,BTC_USDT,long,long,sell,65073.18834926812,0.00030000000000000003,19.521956504780437,0.000976097825239022,6.507969631886226,mart_tp,0.19037753995519566,2386.363077511714,48
270,2026-08-19 14:00:00+00:00,BTC_USDT,long,long,buy,65928.19216,0.00030000000000000003,19.778457648000003,0.0009889228824000002,6.592160000000149,mart_open,0.0,2385.1733409408316,48
271,2026-08-19 15:00:00+00:00,BTC_USDT,long,long,sell,66580.81533419185,0.00030000000000000003,19.974244600257556,0.0009987122300128778,6.658747408160707,mart_tp,0.19478824002754078,2381.952536828859,49
272,2026-08-19 15:00:00+00:00,BTC_USDT,short,short,sell,66005.1482528262,0.001,66.0051482528262,0.0033002574126413105,6.60117494277074,mart_add,0.0,2379.4038848242726,43
273,2026-08-19 16:00:00+00:00,BTC_USDT,long,long,buy,68467.8461,0.0002,13.69356922,0.0006846784610000001,6.846099999995204,mart_open,0.0,2379.607680925812,49
274,2026-08-19 16:00:00+00:00,BTC_USDT,short,short,sell,66988.52595407092,0.0015,100.48278893110638,0.005024139446555319,6.69952254765667,mart_add,0.0,2377.393945717472,43
275,2026-08-19 17:00:00+00:00,BTC_USDT,short,short,sell,67986.55450799764,0.0022,149.57041991759482,0.007478520995879741,6.799335384333972,mart_add,0.0,2377.89128711407,43
276,2026-08-19 20:00:00+00:00,BTC_USDT,long,long,sell,69145.6093085439,0.0002,13.829121861708781,0.0006914560930854391,6.915252456092276,mart_tp,0.13486118561569674,2372.9689175196863,50
277,2026-08-19 20:00:00+00:00,BTC_USDT,short,short,sell,68999.45219033504,0.0033,227.69819222810563,0.011384909611405283,6.900635282567237,mart_add,0.0,2372.8039248381806,43
278,2026-08-19 21:00:00+00:00,BTC_USDT,long,long,buy,69723.87169,0.0002,13.944774338,0.0006972387169000001,6.971690000005765,mart_open,0.0,2366.5624632614636,50
279,2026-08-19 21:00:00+00:00,BTC_USDT,short,short,sell,70027.44052879275,0.0048000000000000004,336.13171453820524,0.016806585726910264,7.003444397312705,mart_add,0.0,2368.036251213942,43
280,2026-08-20 08:00:00+00:00,BTC_USDT,long,long,sell,70414.06829585931,0.0002,14.082813659171862,0.0007041406829585931,7.042111040689633,mart_tp,0.13733518048890336,2341.8643807324306,51
281,2026-08-20 08:00:00+00:00,BTC_USDT,short,short,sell,71070.74435151096,0.007200000000000001,511.70935933087895,0.02558546796654395,7.10778521366592,mart_add,0.0,2338.1512745953432,43
282,2026-08-20 09:00:00+00:00,BTC_USDT,long,long,buy,71795.97888,0.0002,14.359195776,0.0007179597888,7.178879999992205,mart_open,0.0,2333.7634508595543,51
283,2026-08-20 10:00:00+00:00,BTC_USDT,short,short,sell,72129.59183623194,0.0106,764.5736734640585,0.03822868367320293,7.213680551678408,mart_add,0.0,2330.6489156399393,43
284,2026-08-20 15:00:00+00:00,BTC_USDT,long,long,sell,72506.68727493311,0.0002,14.501337454986622,0.0007250668727493312,7.251393866885337,mart_tp,0.14141661211387338,2315.6321580280537,52
285,2026-08-20 16:00:00+00:00,BTC_USDT,long,long,buy,72841.98346999999,0.0002,14.568396693999999,0.0007284198347,7.28346999999485,mart_open,0.0,2304.114072914219,52
286,2026-08-20 23:00:00+00:00,BTC_USDT,short,short,sell,73204.21456020403,0.015700000000000002,1149.3061685952034,0.05746530842976017,7.32115357137809,mart_add,0.0,2300.979966200992,43
287,2026-08-21 00:00:00+00:00,BTC_USDT,long,long,sell,73563.04626436954,0.0002,14.712609252873907,0.0007356304626436954,7.357040330462041,mart_tp,0.14347692841126503,2268.657559823403,53
288,2026-08-21 01:00:00+00:00,BTC_USDT,long,long,buy,75135.5128,0.0002,15.02710256,0.000751355128,7.512799999996787,mart_open,0.0,2200.839585908275,53
289,2026-08-21 01:00:00+00:00,BTC_USDT,short,short,sell,74294.84755082922,0.023200000000000002,1723.640463179238,0.0861820231589619,7.430227777862456,mart_add,0.0,2181.424267064354,43
290,2026-08-21 02:00:00+00:00,BTC_USDT,short,short,buy,74389.93824999999,0.0708,5266.807628099999,0.263340381405,7.438249999991967,force_exit_pre_liq,-154.3564853456646,2233.2770985829493,44
291,2026-08-21 07:00:00+00:00,BTC_USDT,long,long,sell,75879.27924120719,0.0002,15.175855848241438,0.0007587927924120719,7.5886867928056745,mart_tp,0.14799449544902593,2233.5651956383986,54
292,2026-08-21 08:00:00+00:00,BTC_USDT,long,long,buy,79282.42745,0.0002,15.85648549,0.0007928242745000001,7.927450000002864,mart_open,0.0,2233.562817324124,54
293,2026-08-21 09:00:00+00:00,BTC_USDT,long,long,buy,78101.00035735383,0.00030000000000000003,23.43030010720615,0.0011715150053603076,7.809319103820599,mart_add,0.0,2233.2336457019123,54
294,2026-08-21 11:00:00+00:00,BTC_USDT,long,long,buy,76937.17830052871,0.0005,38.46858915026436,0.001923429457513218,7.69294853520114,mart_add,0.0,2232.551033122191,54
295,2026-08-21 21:00:00+00:00,BTC_USDT,long,long,sell,78525.07520209573,0.001,78.52507520209573,0.003926253760104787,7.853292849496938,mart_tp,0.765774200865109,2234.327082070526,55
296,2026-08-21 22:00:00+00:00,BTC_USDT,long,long,buy,78469.74618999999,0.0002,15.693949237999998,0.0007846974618999999,7.846189999996568,mart_open,0.0,2234.324728135064,55
297,2026-08-22 05:00:00+00:00,BTC_USDT,long,long,buy,77300.42926714971,0.00030000000000000003,23.190128780144914,0.0011595064390072457,7.7292699997196905,mart_add,0.0,2234.1365598484804,55
298,2026-08-23 05:00:00+00:00,BTC_USDT,long,long,buy,76148.53692042528,0.0005,38.07426846021264,0.0019037134230106322,7.614092282819911,mart_add,0.0,2233.419787674845,55
299,2026-08-23 13:00:00+00:00,BTC_USDT,long,long,sell,77720.15715014681,0.001,77.72015715014682,0.003886007857507341,7.772792994306656,mart_tp,0.7579246639317587,2235.081158817134,56
300,2026-08-23 14:00:00+00:00,BTC_USDT,long,long,buy,77198.7191,0.0002,15.43974382,0.000771987191,7.719100000002072,mart_open,0.0,2235.078843009943,56
301,2026-08-23 21:00:00+00:00,BTC_USDT,long,long,sell,77962.90922037092,0.0002,15.592581844074184,0.0007796290922037092,7.797070629094378,mart_tp,0.1520583949819789,2235.232445224925,57
302,2026-08-23 22:00:00+00:00,BTC_USDT,long,long,buy,77606.95992,0.0002,15.521391984,0.0007760695992,7.759919999996782,mart_open,0.0,2235.2301171713257,57
303,2026-08-24 11:00:00+00:00,BTC_USDT,long,long,sell,78375.19121624807,0.0002,15.675038243249615,0.0007837519121624808,7.838302951917285,mart_tp,0.15286250733745335,2235.384531662663,58
304,2026-08-24 12:00:00+00:00,BTC_USDT,long,long,buy,79165.11572,0.0002,15.833023144,0.0007916511572000001,7.915720000004512,mart_open,0.0,2235.3821568675057,58
305,2026-08-24 13:00:00+00:00,BTC_USDT,long,long,buy,77985.43674809842,0.00030000000000000003,23.39563102442953,0.0011697815512214766,7.797763898415724,mart_add,0.0,2235.4507660615254,58
306,2026-08-24 14:00:00+00:00,BTC_USDT,long,long,sell,79233.95723208564,0.0005,39.61697861604282,0.001980848930802141,7.9241881420166465,mart_tp,0.3863435986824874,2235.7689138286373,59
307,2026-08-24 15:00:00+00:00,BTC_USDT,long,long,buy,79105.50976,0.0002,15.821101952000001,0.0007910550976000001,7.9097599999950035,mart_open,0.0,2235.76654082154,59
308,2026-08-25 01:00:00+00:00,BTC_USDT,long,long,sell,79888.57520111423,0.0002,15.977715040222847,0.0007988857520111424,7.98965648576268,mart_tp,0.15581420247083513,2235.9239369760107,60
309,2026-08-25 02:00:00+00:00,BTC_USDT,long,long,buy,80650.96428999999,0.0002,16.130192857999997,0.0008065096428999999,8.064289999994799,mart_open,0.0,2235.9215176083676,60
310,2026-08-25 07:00:00+00:00,BTC_USDT,long,long,buy,79449.14394563256,0.00030000000000000003,23.83474318368977,0.0011917371591844885,7.944119982566917,mart_add,0.0,2235.8075526875186,60
311,2026-08-25 13:00:00+00:00,BTC_USDT,long,long,buy,78265.23252712672,0.0005,39.13261626356336,0.001956630813178168,7.825740678643342,mart_add,0.0,2235.477129793142,60
312,2026-08-27 08:00:00+00:00,BTC_USDT,long,long,sell,79880.53897552282,0.001,79.88053897552282,0.003994026948776141,7.988852782829781,mart_tp,0.7789926433209274,2236.698974741716,61
313,2026-08-27 09:00:00+00:00,BTC_USDT,long,long,buy,79996.39884,0.0002,15.999279768,0.0007999639884,7.9988400000002,mart_open,0.0,2236.696575009728,61
314,2026-08-27 15:00:00+00:00,BTC_USDT,long,long,sell,80788.28319211716,0.0002,16.157656638423433,0.0008078828319211717,8.07963628284051,mart_tp,0.15756898759151197,2236.8557437653194,62
315,2026-08-27 16:00:00+00:00,BTC_USDT,long,long,buy,80374.13661,0.0002,16.074827322,0.0008037413661000001,8.036609999995562,mart_open,0.0,2236.853332701953,62
316,2026-08-28 01:00:00+00:00,BTC_USDT,long,long,sell,81169.76018830239,0.0002,16.23395203766048,0.000811697601883024,8.117787797615165,mart_tp,0.15831301805859452,2237.0132530420115,63
317,2026-08-28 02:00:00+00:00,BTC_USDT,long,long,buy,79937.993,0.0002,15.987598600000002,0.0007993799300000001,7.993000000002212,mart_open,0.0,2237.0108550620816,63
318,2026-08-28 14:00:00+00:00,BTC_USDT,long,long,buy,78746.79699731049,0.00030000000000000003,23.62403909919315,0.0011812019549596576,7.873892310497467,mart_add,0.0,2237.1727347609335,63
319,2026-08-28 16:00:00+00:00,BTC_USDT,long,long,buy,77573.35160185507,0.0005,38.78667580092754,0.0019393337900463772,7.7565595042397035,mart_add,0.0,2236.403119626216,63
320,2026-08-30 16:00:00+00:00,BTC_USDT,long,long,sell,79174.3784054584,0.001,79.1743784054584,0.00395871892027292,7.918229663511738,mart_tp,0.7721061864174255,2237.781439312754,64
321,2026-08-30 17:00:00+00:00,BTC_USDT,long,long,buy,79026.9019,0.0002,15.80538038,0.000790269019,7.901899999997113,mart_open,0.0,2237.779068663735,64
322,2026-08-30 23:00:00+00:00,BTC_USDT,long,long,buy,77849.28252133715,0.00030000000000000003,23.35478475640115,0.0011677392378200574,7.784149837156292,mart_add,0.0,2237.4610161680957,64
323,2026-08-31 18:00:00+00:00,BTC_USDT,long,long,sell,79095.62322217277,0.0005,39.54781161108639,0.0019773905805543193,7.910353357554413,mart_tp,0.38566908410468187,2238.165150388602,65
324,2026-08-31 19:00:00+00:00,BTC_USDT,long,long,buy,78904.38965,0.0002,15.78087793,0.0007890438965000001,7.889649999997346,mart_open,0.0,2238.1627834147052,65
325,2026-09-01 13:00:00+00:00,BTC_USDT,long,long,buy,77728.59588763052,0.00030000000000000003,23.31857876628916,0.0011659289383144581,7.772082380528445,mart_add,0.0,2238.101388719478,65
326,2026-09-01 18:00:00+00:00,BTC_USDT,long,long,buy,76570.32321601099,0.0005,38.285161608005495,0.0019142580804002748,7.656266694932128,mart_add,0.0,2237.9261628533923,65
327,2026-09-03 07:00:00+00:00,BTC_USDT,long,long,sell,78150.64864088887,0.001,78.15064864088887,0.003907532432044444,7.815846448735101,mart_tp,0.7621228041621646,2238.923403961849,66
328,2026-09-03 08:00:00+00:00,BTC_USDT,long,long,buy,77850.38426,0.0002,15.570076852000001,0.0007785038426000001,7.784260000000359,mart_open,0.0,2238.9210686060064,66
329,2026-09-03 12:00:00+00:00,BTC_USDT,long,long,sell,78621.02521378975,0.0002,15.72420504275795,0.0007862102521378976,7.862888810253935,mart_tp,0.15334198050581044,2239.075967438512,67
330,2026-09-03 13:00:00+00:00,BTC_USDT,long,long,buy,78850.08421999999,0.0002,15.770016843999999,0.0007885008422,7.884219999992638,mart_open,0.0,2239.07360209367,67
331,2026-09-03 14:00:00+00:00,BTC_USDT,long,long,sell,79630.62120369376,0.0002,15.926124240738753,0.0007963062120369377,7.9638585062202765,mart_tp,0.15531109052671813,2239.230490028197,68
332,2026-09-03 15:00:00+00:00,BTC_USDT,long,long,buy,81353.1345,0.0002,16.2706269,0.0008135313450000001,8.134500000000116,mart_open,0.0,2239.2280495968516,68
333,2026-09-03 21:00:00+00:00,BTC_USDT,long,long,sell,82158.4491784155,0.0002,16.4316898356831,0.0008215844917841549,8.216666584499762,mart_tp,0.16024135119131505,2239.3899178480433,69
334,2026-09-03 22:00:00+00:00,BTC_USDT,long,long,buy,81150.01418999999,0.0002,16.230002837999997,0.0008115001418999999,8.11418999999296,mart_open,0.0,2239.3874835099014,69
335,2026-09-04 12:00:00+00:00,BTC_USDT,long,long,buy,79940.7572535477,0.00030000000000000003,23.98222717606431,0.0011991113588032155,7.9932763977121795,mart_add,0.0,2238.905677222478,69
336,2026-09-04 14:00:00+00:00,BTC_USDT,long,long,buy,78749.52005933395,0.0005,39.37476002966698,0.0019687380014833493,7.8741645894770045,mart_add,0.0,2238.7077484548095,69
