range_down_pct,range_up_pct,grid_count,move,sells_only,full_median_eq,full_mean_eq,full_min_eq,full_max_eq,full_median_net,full_median_profit,full_median_mtm,full_median_dd,full_n_green,late_median_eq,late_mean_eq,late_min_eq,late_max_eq,late_median_net,late_median_profit,late_median_mtm,late_median_dd,late_n_green,score
0.0,0.05,20,none,False,2046.5481,2046.5481,2046.5481,2046.5481,46.5481,46.5481,0.0,0.0400345,4,2046.5481,2046.5481,2046.5481,2046.5481,46.5481,46.5481,0.0,0.1058025,4,2046.5481
0.0,0.05,20,none,True,2046.5481,2046.5481,2046.5481,2046.5481,46.5481,46.5481,0.0,0.0400345,4,2046.5481,2046.5481,2046.5481,2046.5481,46.5481,46.5481,0.0,0.1058025,4,2046.5481
0.0,0.05,20,up,True,2046.5481,2046.5481,2046.5481,2046.5481,46.5481,46.5481,0.0,0.0400345,4,2046.5481,2046.5481,2046.5481,2046.5481,46.5481,46.5481,0.0,0.1058025,4,2046.5481
0.0,0.05,10,none,False,2044.0982,2044.0982,2044.0982,2044.0982,44.0982,44.0982,0.0,0.0400475,4,2044.0982,2044.0982,2044.0982,2044.0982,44.0982,44.0982,0.0,0.09883549999999999,4,2044.0981999999997
0.0,0.05,10,none,True,2044.0982,2044.0982,2044.0982,2044.0982,44.0982,44.0982,0.0,0.0400475,4,2044.0982,2044.0982,2044.0982,2044.0982,44.0982,44.0982,0.0,0.09883549999999999,4,2044.0981999999997
0.0,0.05,10,up,True,2044.0982,2044.0982,2044.0982,2044.0982,44.0982,44.0982,0.0,0.0400475,4,2044.0982,2044.0982,2044.0982,2044.0982,44.0982,44.0982,0.0,0.09883549999999999,4,2044.0981999999997
0.02,0.05,10,none,True,2039.9982,2039.9982,2039.9982,2039.9982,39.9982,39.9982,0.0,0.03173,4,2039.9982,2039.9982,2039.9982,2039.9982,39.9982,39.9982,0.0,0.084979,4,2039.9982
0.02,0.05,10,up,True,2039.9982,2039.9982,2039.9982,2039.9982,39.9982,39.9982,0.0,0.03173,4,2039.9982,2039.9982,2039.9982,2039.9982,39.9982,39.9982,0.0,0.084979,4,2039.9982
0.02,0.05,20,none,True,2037.4983,2037.4983,2037.4983,2037.4983,37.4983,37.4983,0.0,0.030642500000000003,4,2037.4983,2037.4983,2037.4983,2037.4983,37.4983,37.4983,0.0,0.0779845,4,2037.4982999999997
0.02,0.05,20,up,True,2037.4983,2037.4983,2037.4983,2037.4983,37.4983,37.4983,0.0,0.030642500000000003,4,2037.4983,2037.4983,2037.4983,2037.4983,37.4983,37.4983,0.0,0.0779845,4,2037.4982999999997
0.05,0.05,10,none,True,2029.4978,2029.4978,2029.4978,2029.4978,29.4978,29.4978,0.0,0.0254005,4,2029.4978,2029.4978,2029.4978,2029.4978,29.4978,29.4978,0.0,0.057050000000000003,4,2029.4978
0.05,0.05,10,up,True,2029.4978,2029.4978,2029.4978,2029.4978,29.4978,29.4978,0.0,0.0254005,4,2029.4978,2029.4978,2029.4978,2029.4978,29.4978,29.4978,0.0,0.057050000000000003,4,2029.4978
0.05,0.05,20,none,True,2026.9984,2026.9984,2026.9984,2026.9984,26.9984,26.9984,0.0,0.0233085,4,2026.9984,2026.9984,2026.9984,2026.9984,26.9984,26.9984,0.0,0.056646,4,2026.9984
0.05,0.05,20,up,True,2026.9984,2026.9984,2026.9984,2026.9984,26.9984,26.9984,0.0,0.0233085,4,2026.9984,2026.9984,2026.9984,2026.9984,26.9984,26.9984,0.0,0.056646,4,2026.9984
0.0,0.1,10,none,False,2089.0874,2035.368025,1874.2099,2089.0874,89.0874,89.0874,0.0,0.098691,3,2089.0874,2089.0874,2089.0874,2089.0874,89.0874,89.0874,0.0,0.123665,4,1981.6486499999999
0.0,0.1,10,none,True,2089.0874,2035.368025,1874.2099,2089.0874,89.0874,89.0874,0.0,0.098691,3,2089.0874,2089.0874,2089.0874,2089.0874,89.0874,89.0874,0.0,0.123665,4,1981.6486499999999
0.0,0.1,10,up,True,2089.0874,2035.368025,1874.2099,2089.0874,89.0874,89.0874,0.0,0.098691,3,2089.0874,2089.0874,2089.0874,2089.0874,89.0874,89.0874,0.0,0.123665,4,1981.6486499999999
0.02,0.05,20,both,True,2000.75715,1996.820575,1948.2697,2037.4983,0.7571499999999993,0.7571499999999993,0.0,0.020196,2,1998.4827,1995.7708499999999,1948.6197,2037.4983,-1.5173000000000005,-1.5173000000000005,0.0,0.0155275,2,1964.085935
0.0,0.05,10,both,True,1981.11335,1985.1123750000002,1934.1246,2044.0982,-18.88665,-18.88665,0.0,0.0239865,2,1996.6096,1998.609125,1975.1148,2026.1025,-3.3903999999999996,-3.3903999999999996,0.0,0.013245,2,1956.4192650000002
0.0,0.05,20,both,True,1983.1882999999998,1985.8751499999998,1930.5759,2046.5481,-16.8117,-16.8117,0.0,0.024488000000000003,2,1993.4358499999998,1997.122475,1974.0655,2027.5527,-6.564150000000001,-6.564150000000001,0.0,0.012749,2,1955.05754
0.02,0.05,10,both,True,2000.8076,1996.2586999999999,1943.4214,2039.9982,0.8075999999999972,0.8075999999999972,0.0,0.022054499999999998,2,1975.61365,1972.814325,1900.0318,2039.9982,-24.38635,-24.38635,0.0,0.031421,2,1951.95934
0.05,0.05,10,both,True,1989.5074,1982.0092,1919.5242,2029.4978,-10.492599999999998,-10.492599999999998,0.0,0.0254005,2,1989.5074,1985.50835,1933.5208,2029.4978,-10.492599999999998,-10.492599999999998,0.0,0.019667,2,1943.3184800000001
0.0,0.1,10,both,True,1981.1133,1982.113075,1931.1253,2035.1004,-18.886700000000005,-18.886700000000005,0.0,0.032762,2,1969.1162,1975.11475,1909.1306,2053.096,-30.8838,-30.8838,0.0,0.0418735,2,1941.7227599999999
0.05,0.05,20,both,True,1988.7576,1979.5098,1913.5256,2026.9984,-11.242399999999998,-11.242399999999998,0.0,0.0233085,2,1988.2577,1984.8835,1936.0202,2026.9984,-11.742299999999998,-11.742299999999998,0.0,0.019852500000000002,2,1940.59412
0.0,0.1,20,both,True,1977.31475,1977.314725,1919.0787,2035.5507,-22.685250000000003,-22.685250000000003,0.0,0.035711,2,1969.8165,1973.5656250000002,1904.5822,2050.0473,-30.183500000000002,-30.183500000000002,0.0,0.036527000000000004,2,1933.6502150000001
0.0,0.1,20,none,False,2094.0367,2013.45765,1771.7205,2094.0367,94.0367,94.0367,0.0,0.12683650000000002,3,2094.0367,2094.0367,2094.0367,2094.0367,94.0367,94.0367,0.0,0.132028,4,1932.8786
0.0,0.1,20,none,True,2094.0367,2013.45765,1771.7205,2094.0367,94.0367,94.0367,0.0,0.12683650000000002,3,2094.0367,2094.0367,2094.0367,2094.0367,94.0367,94.0367,0.0,0.132028,4,1932.8786
0.0,0.1,20,up,True,2094.0367,2013.45765,1771.7205,2094.0367,94.0367,94.0367,0.0,0.12683650000000002,3,2094.0367,2094.0367,2094.0367,2094.0367,94.0367,94.0367,0.0,0.132028,4,1932.8786
0.02,0.1,20,none,True,2087.5373,2006.6583249999999,1764.0214,2087.5373,87.5373,87.5373,0.0,0.12185750000000001,3,2087.5373,2087.5373,2087.5373,2087.5373,87.5373,87.5373,0.0,0.1172135,4,1925.77935
0.02,0.1,20,up,True,2087.5373,2006.6583249999999,1764.0214,2087.5373,87.5373,87.5373,0.0,0.12185750000000001,3,2087.5373,2087.5373,2087.5373,2087.5373,87.5373,87.5373,0.0,0.1172135,4,1925.77935
0.05,0.1,20,both,True,1951.06855,1954.06785,1915.0772,1999.0571,-48.93145,-48.93145,0.0,0.059499,0,2002.0563499999998,1993.808325,1900.0808,2071.0398,2.056350000000002,2.056350000000002,0.0,0.040358,2,1922.875325
0.02,0.1,20,both,True,1945.67135,1954.219275,1921.977,2003.5574,-54.328649999999996,-54.328649999999996,0.0,0.042131,1,1963.96695,1972.3649249999999,1873.9885,2087.5373,-36.03305,-36.03305,0.0,0.0505765,2,1919.4876050000003
0.05,0.1,10,both,True,1950.31875,1969.814075,1902.3303,2076.2885,-49.68125,-49.68125,0.0,0.065668,1,1999.80685,1997.5574000000001,1914.3274,2076.2885,-0.19315000000000282,-0.19315000000000282,0.0,0.0415885,2,1919.126255
0.0,0.15,20,both,True,1963.44305,1955.56995,1900.0833,1995.3104,-36.55695,-36.55695,0.0,0.052036,0,1971.6911,1985.3753,1885.0869,2113.0321,-28.308899999999998,-28.308899999999998,0.0,0.049788,2,1916.091945
0.05,0.1,20,none,True,2071.0398,1990.2733,1747.9738,2071.0398,71.0398,71.0398,0.0,0.104019,3,2071.0398,2071.0398,2071.0398,2071.0398,71.0398,71.0398,0.0,0.09399,4,1909.5067999999999
0.05,0.1,20,up,True,2071.0398,1990.2733,1747.9738,2071.0398,71.0398,71.0398,0.0,0.104019,3,2071.0398,2071.0398,2071.0398,2071.0398,71.0398,71.0398,0.0,0.09399,4,1909.5067999999999
0.02,0.1,10,both,True,1927.1263,1940.922975,1912.7297,1996.7096,-72.8737,-72.8737,0.0,0.0472685,0,1954.71965,1967.316625,1867.1407,2092.6865,-45.28035,-45.28035,0.0,0.0529265,2,1907.93088
0.02,0.1,10,none,True,2092.6865,1984.847875,1661.332,2092.6865,92.6865,92.6865,0.0,0.142633,3,2092.6865,2092.6865,2092.6865,2092.6865,92.6865,92.6865,0.0,0.123749,4,1877.00925
0.02,0.1,10,up,True,2092.6865,1984.847875,1661.332,2092.6865,92.6865,92.6865,0.0,0.142633,3,2092.6865,2092.6865,2092.6865,2092.6865,92.6865,92.6865,0.0,0.123749,4,1877.00925
0.0,0.2,20,both,True,1945.57235,1933.07535,1839.0979,2002.0588,-54.42765,-54.42765,0.0,0.0693415,1,1972.066,1985.3128000000002,1846.0962,2151.023,-27.934000000000005,-27.934000000000005,0.0,0.067145,2,1872.439895
0.05,0.1,10,none,True,2076.2885,1968.59985,1645.5339,2076.2885,76.2885,76.2885,0.0,0.1135205,3,2076.2885,2076.2885,2076.2885,2076.2885,76.2885,76.2885,0.0,0.093944,4,1860.9112
0.05,0.1,10,up,True,2076.2885,1968.59985,1645.5339,2076.2885,76.2885,76.2885,0.0,0.1135205,3,2076.2885,2076.2885,2076.2885,2076.2885,76.2885,76.2885,0.0,0.093944,4,1860.9112
0.05,0.15,20,both,True,1941.7712999999999,1922.525925,1804.3043,2002.2568,-58.2287,-58.2287,0.0,0.0708805,1,2004.2563,1997.5079250000001,1862.2904,2119.2287,4.256300000000003,4.256300000000003,0.0,0.054238499999999995,2,1857.14162
0.05,0.15,10,both,True,1947.2205,1949.220025,1775.2618,2127.1773,-52.7795,-52.7795,0.0,0.0755915,1,2001.20755,1996.20875,1855.2426,2127.1773,1.2075499999999977,1.2075499999999977,0.0,0.063336,2,1842.84557
0.02,0.15,20,both,True,1928.2759999999998,1910.855175,1778.7119,2008.1568,-71.724,-71.724,0.0,0.064116,1,1942.72255,1964.1799,1832.2491,2139.0254,-57.27745,-57.27745,0.0,0.06963050000000001,2,1834.28857
0.0,0.15,10,both,True,1918.1284500000002,1902.382225,1774.163,1999.109,-81.87155,-81.87155,0.0,0.056642,0,1937.62375,1963.1176249999999,1843.1464,2134.0766,-62.37625,-62.37625,0.0,0.06615750000000001,2,1831.1493150000001
0.02,0.15,10,both,True,1932.525,1912.129875,1779.5617,2003.9078,-67.475,-67.475,0.0,0.0748575,1,1990.3111,1980.11355,1793.1584,2146.6736,-9.688900000000004,-9.688900000000004,0.0,0.0721965,2,1828.17003
0.0,0.2,10,both,True,1953.12005,1905.1315749999999,1719.1762,1995.11,-46.87995,-46.87995,0.0,0.070147,0,1969.1162,1994.1102,1859.1426,2179.0658,-30.8838,-30.8838,0.0,0.066843,2,1817.3526350000002
0.02,0.2,10,both,True,1967.5166,1921.327675,1721.1757,2029.1018,-32.4834,-32.4834,0.0,0.075178,1,2007.10705,1997.209425,1813.5535,2161.0701,7.107050000000001,7.107050000000001,0.0,0.0673475,2,1813.5535300000001
0.05,0.2,10,both,True,1929.2248,1941.7217999999998,1729.2728,2179.1648,-70.7752,-70.7752,0.0,0.0783295,1,2009.2056,1997.9583,1794.2572,2179.1648,9.205600000000004,9.205600000000004,0.0,0.07446449999999999,2,1802.2552799999999
0.05,0.2,20,both,True,1921.7266,1936.09815,1731.7722,2169.1672,-78.27340000000001,-78.27340000000001,0.0,0.085223,1,2002.33225,1983.899175,1761.765,2169.1672,2.332250000000002,2.332250000000002,0.0,0.074562,2,1794.75708
0.02,0.2,20,both,True,1929.7260999999999,1897.008975,1694.9325,2033.6512,-70.2739,-70.2739,0.0,0.0760475,1,1954.4702000000002,1978.664375,1814.8037,2190.9134,-45.5298,-45.5298,0.0,0.074132,2,1789.3448199999998
0.05,0.15,20,none,True,2119.2287,1925.9622000000002,1346.1627,2119.2287,119.2287,119.2287,0.0,0.1348535,3,2119.2287,2073.6024500000003,1936.7237,2119.2287,119.2287,119.2287,0.0,0.1125545,3,1696.1947
0.05,0.15,20,up,True,2119.2287,1925.9622000000002,1346.1627,2119.2287,119.2287,119.2287,0.0,0.1348535,3,2119.2287,2073.6024500000003,1936.7237,2119.2287,119.2287,119.2287,0.0,0.1125545,3,1696.1947
0.0,0.15,20,none,False,2141.5253,1921.3990999999999,1261.0205,2141.5253,141.5253,141.5253,0.0,0.1730505,3,2141.5253,2096.211475,1960.27,2141.5253,141.5253,141.5253,0.0,0.144026,3,1665.0218399999999
0.0,0.15,20,none,True,2141.5253,1921.3990999999999,1261.0205,2141.5253,141.5253,141.5253,0.0,0.1730505,3,2141.5253,2096.211475,1960.27,2141.5253,141.5253,141.5253,0.0,0.144026,3,1665.0218399999999
0.0,0.15,20,up,True,2141.5253,1921.3990999999999,1261.0205,2141.5253,141.5253,141.5253,0.0,0.1730505,3,2141.5253,2096.211475,1960.27,2141.5253,141.5253,141.5253,0.0,0.144026,3,1665.0218399999999
0.0,0.15,10,none,False,2134.0766,1914.7002249999998,1256.5711,2134.0766,134.0766,134.0766,0.0,0.161106,3,2134.0766,2088.950225,1953.5711,2134.0766,134.0766,134.0766,0.0,0.1440945,3,1659.22275
0.0,0.15,10,none,True,2134.0766,1914.7002249999998,1256.5711,2134.0766,134.0766,134.0766,0.0,0.161106,3,2134.0766,2088.950225,1953.5711,2134.0766,134.0766,134.0766,0.0,0.1440945,3,1659.22275
0.0,0.15,10,up,True,2134.0766,1914.7002249999998,1256.5711,2134.0766,134.0766,134.0766,0.0,0.161106,3,2134.0766,2088.9502249999996,1953.5711,2134.0766,134.0766,134.0766,0.0,0.1440945,3,1659.22275
0.05,0.15,10,none,True,2127.1773,1906.3012749999998,1243.6732,2127.1773,127.1773,127.1773,0.0,0.13734849999999998,3,2127.1773,2081.3010999999997,1943.6725,2127.1773,127.1773,127.1773,0.0,0.11433549999999999,3,1648.7242899999999
0.05,0.15,10,up,True,2127.1773,1906.3012749999998,1243.6732,2127.1773,127.1773,127.1773,0.0,0.13734849999999998,3,2127.1773,2081.3010999999997,1943.6725,2127.1773,127.1773,127.1773,0.0,0.11433549999999999,3,1648.7242899999999
0.02,0.15,20,none,True,2139.0254,1918.0994,1255.3214,2139.0254,139.0254,139.0254,0.0,0.1612125,3,2139.0254,2070.84845,1866.3176,2139.0254,139.0254,139.0254,0.0,0.1357385,3,1642.63184
0.02,0.15,20,up,True,2139.0254,1918.0994,1255.3214,2139.0254,139.0254,139.0254,0.0,0.1612125,3,2139.0254,2070.84845,1866.3176,2139.0254,139.0254,139.0254,0.0,0.1357385,3,1642.63184
0.02,0.15,10,none,True,2146.6736,1924.8978000000002,1259.5704,2146.6736,146.6736,146.6736,0.0,0.161073,3,2146.6736,2055.771,1783.0632,2146.6736,146.6736,146.6736,0.0,0.1440945,3,1630.39992
0.02,0.15,10,up,True,2146.6736,1924.8978000000002,1259.5704,2146.6736,146.6736,146.6736,0.0,0.161073,3,2146.6736,2055.771,1783.0632,2146.6736,146.6736,146.6736,0.0,0.1440945,3,1630.39992
0.02,0.1,20,none,False,1906.0166,1845.7798500000001,1371.2442,2199.842,-93.98339999999999,137.4828,-231.37025,0.170901,2,2006.2384,2003.69185,1803.6825,2198.6081,6.238399999999999,142.49515,-131.92285,0.19324249999999998,2,1618.16358
0.02,0.1,10,none,False,1943.4436,1859.1065749999998,1269.7867,2279.7524,-56.55640000000001,174.39825,-230.85864999999998,0.17878950000000002,2,2044.0249,2047.8772999999999,1821.8122,2281.6472,44.024899999999995,182.60205,-131.10965,0.19918000000000002,2,1582.28887
0.02,0.05,10,none,False,1776.51795,1810.1482,1450.4986,2237.0583,-223.48205000000002,123.20795,-344.96695,0.223271,2,1928.4872,1928.0109499999999,1618.004,2237.0654,-71.5128,133.10415,-197.0745,0.23422700000000002,2,1581.8054849999999
0.02,0.05,20,none,False,1737.27985,1765.844225,1447.5822,2141.235,-262.72015000000005,84.4176,-345.41755,0.2265175,2,1887.7932500000002,1874.4932,1600.583,2121.8033,-112.20675,90.046,-197.78645,0.235741,2,1565.091655
0.0,0.2,10,none,False,2179.0658,1897.971975,1054.6905,2179.0658,179.0658,179.0658,0.0,0.1797965,3,2179.0658,2039.937575,1622.5529,2179.0658,179.0658,179.0658,0.0,0.16570800000000002,3,1505.57557
0.0,0.2,10,none,True,2179.0658,1897.971975,1054.6905,2179.0658,179.0658,179.0658,0.0,0.1797965,3,2179.0658,2039.937575,1622.5529,2179.0658,179.0658,179.0658,0.0,0.16570800000000002,3,1505.57557
0.0,0.2,10,up,True,2179.0658,1897.971975,1054.6905,2179.0658,179.0658,179.0658,0.0,0.1797965,3,2179.0658,2039.937575,1622.5529,2179.0658,179.0658,179.0658,0.0,0.16570800000000002,3,1505.57557
0.05,0.2,10,none,True,2179.1648,1895.571575,1044.7919,2179.1648,179.1648,179.1648,0.0,0.156003,3,2179.1648,2037.787125,1613.6541,2179.1648,179.1648,179.1648,0.0,0.16665000000000002,3,1498.87621
0.05,0.2,10,up,True,2179.1648,1895.571575,1044.7919,2179.1648,179.1648,179.1648,0.0,0.156003,3,2179.1648,2037.787125,1613.6541,2179.1648,179.1648,179.1648,0.0,0.16665000000000002,3,1498.87621
0.05,0.2,20,none,True,2169.1672,1887.1361,1041.0428,2169.1672,169.1672,169.1672,0.0,0.15614,3,2169.1672,2028.7268,1607.4056,2169.1672,169.1672,169.1672,0.0,0.165239,3,1492.75268
0.05,0.2,20,up,True,2169.1672,1887.1361,1041.0428,2169.1672,169.1672,169.1672,0.0,0.15614,3,2169.1672,2028.7268,1607.4056,2169.1672,169.1672,169.1672,0.0,0.165239,3,1492.75268
0.02,0.2,10,none,True,2161.0701,1881.475925,1042.6934,2161.0701,161.0701,161.0701,0.0,0.161303,3,2161.0701,2022.5417499999999,1606.9567,2161.0701,161.0701,161.0701,0.0,0.166811,3,1491.0590700000002
0.02,0.2,10,up,True,2161.0701,1881.475925,1042.6934,2161.0701,161.0701,161.0701,0.0,0.161303,3,2161.0701,2022.5417499999999,1606.9567,2161.0701,161.0701,161.0701,0.0,0.166811,3,1491.0590700000002
0.0,0.2,20,none,False,2189.0139,1879.8107,952.2011,2189.0139,189.0139,189.0139,0.0,0.18224049999999997,3,2189.0139,2049.13585,1629.5017,2189.0139,189.0139,189.0139,0.0,0.167341,3,1458.7050600000002
0.0,0.2,20,none,True,2189.0139,1879.8107,952.2011,2189.0139,189.0139,189.0139,0.0,0.18224049999999997,3,2189.0139,2049.13585,1629.5017,2189.0139,189.0139,189.0139,0.0,0.167341,3,1458.7050600000002
0.0,0.2,20,up,True,2189.0139,1879.8107,952.2011,2189.0139,189.0139,189.0139,0.0,0.18224049999999997,3,2189.0139,2049.1358499999997,1629.5017,2189.0139,189.0139,189.0139,0.0,0.167341,3,1458.7050600000002
0.02,0.2,20,none,True,2190.9134,1880.33555,948.602,2190.9134,190.9134,190.9134,0.0,0.182431,3,2190.9134,2027.3724499999998,1536.7496,2190.9134,190.9134,190.9134,0.0,0.1906,3,1438.92494
0.02,0.2,20,up,True,2190.9134,1880.33555,948.602,2190.9134,190.9134,190.9134,0.0,0.182431,3,2190.9134,2027.3724499999998,1536.7496,2190.9134,190.9134,190.9134,0.0,0.1906,3,1438.92494
0.02,0.15,20,none,False,2011.30805,1807.7924750000002,960.7129,2247.8409,11.308050000000009,184.84335,-173.4633,0.18787800000000002,2,2089.36585,2022.4321499999999,1658.6287,2252.3682,89.36585,187.68824999999998,-98.8398,0.18150650000000002,2,1415.474605
0.05,0.1,20,none,False,1768.07415,1727.4727,1059.5637,2314.1788,-231.92585000000003,168.07555,-399.83340000000004,0.254057,2,1935.991,1946.4407,1588.6598,2325.121,-64.00900000000001,167.97985,-222.81385,0.26595199999999997,2,1377.9360550000001
0.02,0.2,10,none,False,2103.2128000000002,1840.6566,845.7783,2310.4225,103.2128,218.17545,-114.9147,0.1769365,2,2147.19805,2020.793525,1480.6528,2308.1252,147.19805,211.58640000000003,-64.7367,0.2129435,3,1349.98355
0.02,0.15,10,none,False,2012.15515,1822.68435,869.0002,2397.4269,12.155150000000006,243.53140000000002,-231.2802,0.19581649999999998,2,2119.0978999999998,2024.6884499999999,1497.0518,2363.5062,119.09790000000001,250.18779999999998,-131.7798,0.241041,2,1337.557005
0.05,0.15,20,none,False,1918.4252000000001,1756.3336000000002,854.9192,2333.5648,-81.57479999999998,203.59335,-285.04814999999996,0.19601,2,2037.353,2007.987975,1598.5837,2358.6622,37.35300000000001,194.7547,-158.28295,0.2302275,2,1322.7039
0.02,0.2,20,none,False,2111.22065,1813.689275,752.7312,2279.5846,111.22065,226.6556,-115.38694999999998,0.19838250000000002,3,2165.25525,2002.3588,1399.827,2279.0977,165.25525,230.39655,-65.48740000000001,0.2350195,3,1289.697195
0.05,0.05,10,none,False,1627.8908000000001,1690.2406,1047.0108,2458.17,-372.1092,198.2271,-567.418,0.3631505,2,1865.74645,1898.2688750000002,1353.2179,2508.3647,-134.25355000000002,196.12525,-316.56585,0.38254350000000004,2,1282.51622
0.05,0.1,10,none,False,1793.62855,1746.2109,860.8922,2536.6943,-206.37144999999998,250.7526,-456.93205,0.2841475,2,1994.51375,2023.928775,1547.9402,2558.7474,-5.4862500000000125,259.57835,-254.61194999999998,0.29934,2,1278.122705
0.05,0.05,20,none,False,1556.7244999999998,1606.70685,1043.4584,2269.92,-443.2755,128.16355000000001,-568.52765,0.37030050000000003,2,1799.7013000000002,1798.71045,1316.3454,2279.0938,-200.2987,125.7216,-318.319,0.3880455,2,1252.0156299999999
0.05,0.15,10,none,False,1925.5477,1762.6147,656.9709,2542.3925,-74.45229999999998,267.73114999999996,-342.0395,0.2131445,2,2086.9751,2071.93865,1559.7002,2554.1042,86.9751,275.828,-189.91045,0.2637545,2,1218.0898
0.05,0.2,10,none,False,2061.87775,1821.3994,651.0767,2510.7654,61.877750000000006,288.67995,-226.7062,0.19028499999999998,2,2159.717,2042.96055,1350.8606,2501.5476,159.71699999999998,283.51405,-124.5083,0.2805965,2,1214.2737949999998
0.05,0.2,20,none,False,2018.14265,1763.826875,647.2867,2371.7355,18.142650000000003,246.05610000000001,-227.8174,0.1930995,2,2114.94355,1989.3739,1339.19,2388.4185,114.94354999999999,240.51239999999999,-126.2748,0.2831025,2,1196.924145
0.0,0.15,10,up,False,1114.8708000000001,915.28755,174.8375,1256.5711,-885.1292,398.21549999999996,-1686.99995,0.703315,0,1364.10165,1345.7513749999998,701.2311,1953.5711,-635.8983499999999,302.0176,-1202.9969999999998,0.523379,0,562.12621
0.02,0.15,10,up,False,970.7379,864.6402499999999,195.2144,1321.8708,-1029.2621,443.75985000000003,-1686.1487,0.6834914999999999,0,1479.4902,1299.623775,737.8158,1501.6989,-520.5098,366.60055,-1196.9785000000002,0.5054425,0,536.39173
0.0,0.2,10,up,False,1115.3130999999998,933.5297499999999,31.0092,1472.4836,-884.6868999999999,511.1004,-1683.46845,0.654915,0,1517.22505,1368.2226249999999,815.8875,1622.5529,-482.77495,387.26525000000004,-1188.06725,0.49764850000000005,0,513.27603
0.05,0.15,10,up,False,878.3815500000001,843.70925,200.4517,1417.6222,-1121.61845,459.19365,-1684.732,0.7065144999999999,0,1556.11565,1352.428575,736.285,1561.198,-443.88435000000004,402.35794999999996,-1182.4855499999999,0.4986295,0,510.997315
0.0,0.2,20,up,False,956.5093999999999,790.36065,128.2259,1120.1979,-1043.4906,366.08455000000004,-1608.16305,0.6974875,0,1366.8986,1289.215725,793.564,1629.5017,-633.1014,314.74760000000003,-1134.1668,0.5185155,0,509.77857
0.02,0.2,20,up,False,869.5505499999999,758.2096750000001,132.5395,1161.1981,-1130.44945,380.0875,-1606.3930500000001,0.6902185000000001,0,1375.4537,1266.661175,804.0307,1511.7066,-624.5463,353.06735000000003,-1128.4709,0.5260335,0,487.941055
0.05,0.2,10,up,False,947.6786999999999,892.311675,67.5478,1606.3415,-1052.3213,562.2728500000001,-1680.8881000000001,0.691175,0,1502.59845,1392.12705,790.8304,1772.4809,-497.40155000000004,458.3497,-1164.5565000000001,0.480529,0,476.24359
0.02,0.2,10,up,False,1011.1891499999999,888.86365,22.0368,1511.0395,-988.8108500000001,506.56264999999996,-1682.2159,0.653559,0,1472.0363,1342.48145,801.0175,1624.8357,-527.9637,382.05600000000004,-1180.59035,0.4932185,0,474.578645
0.02,0.1,10,up,False,934.48455,820.660175,143.8849,1269.7867,-1065.5154499999999,315.52195,-1689.58325,0.74558,0,950.6333,974.42845,582.6949,1413.7523,-1049.3667,323.4393,-1523.30295,0.694202,0,468.826795
0.05,0.2,20,up,False,821.4055000000001,741.0660250000001,127.2476,1194.2055,-1178.5945,381.18815,-1605.21825,0.7062375000000001,0,1375.8349,1291.197825,787.0784,1626.0431,-624.1650999999999,391.63824999999997,-1118.6988999999999,0.5180594999999999,0,467.46113
0.05,0.1,10,up,False,905.07255,778.457575,144.0384,1159.6468,-1094.9274500000001,357.96569999999997,-1688.24615,0.71791,0,996.1919,1030.0547,584.9571,1542.8779,-1003.8081,374.29445,-1519.64715,0.6851295,0,460.532385
0.02,0.15,20,up,False,918.4509,725.330575,78.6275,985.793,-1081.5491,300.32135,-1610.05005,0.7266045000000001,0,1298.55235,1244.696625,723.0531,1658.6287,-701.4476500000001,273.85015,-1143.7135,0.5551745,0,459.45964000000004
0.05,0.15,20,up,False,876.4001000000001,722.05845,74.1776,1061.256,-1123.5999,307.59205,-1608.16305,0.714511,0,1346.9132,1254.2876999999999,724.7407,1598.5837,-653.0868,289.12485,-1134.1668,0.5338535,0,444.95696999999996
0.0,0.15,20,up,False,880.9835499999999,774.3044,74.23,1261.0205,-1119.01645,278.44015,-1611.21625,0.7396675,0,1235.5073499999999,1284.428025,706.4274,1960.27,-764.49265,241.87779999999998,-1149.31065,0.5388105000000001,0,442.695545
0.0,0.1,10,up,False,846.95635,924.0022,127.8862,1874.2099,-1153.04365,269.0352,-1691.0471,0.7680735000000001,0,888.9959,919.843475,545.2039,1356.1782,-1111.0041,288.57905,-1527.6876,0.7098595,0,427.070785
0.05,0.1,20,up,False,811.7478000000001,675.2383749999999,17.8942,1059.5637,-1188.2522,216.17685,-1611.5131000000001,0.7609295,0,860.23575,902.3894,481.2731,1407.813,-1139.76425,246.79629999999997,-1477.4992499999998,0.704712,0,348.72606
0.02,0.1,20,up,False,744.6169,720.9857000000001,23.4648,1371.2442,-1255.3831,197.78565,-1613.1206499999998,0.7788625,0,823.9975,869.07615,478.4005,1349.9091,-1176.0025,227.2074,-1482.0631,0.713973,0,330.79757
0.0,0.1,20,up,False,700.96255,798.892075,21.9227,1771.7205,-1299.0374499999998,180.42825,-1614.49425,0.790961,0,794.4012,840.731525,463.8312,1310.2925,-1205.5988,208.3596,-1485.892,0.722612,0,314.016355
0.02,0.2,10,both,False,588.9406,673.373775,177.2105,1338.4034,-1411.0594,-1411.0594,0.0,0.711207,0,668.94055,630.7081499999999,173.3414,1011.6101,-1331.05945,-1331.05945,0.0,0.6985055,0,299.95570999999995
0.05,0.2,10,both,False,552.7753,644.96055,163.4544,1310.8372,-1447.2247,-1447.2247,0.0,0.7366855,0,697.5125499999999,825.8326,196.0112,1712.2941,-1302.48745,-1302.48745,0.0,0.673029,0,286.76203000000004
0.05,0.05,10,up,False,428.47315,447.936425,69.5628,865.2366,-1571.52685,241.2274,-1856.3421,0.8804799999999999,0,837.0277,901.347925,527.9242,1403.4121,-1162.9723,294.18865,-1527.6876,0.724551,0,268.908185
0.02,0.05,10,up,False,368.8144,376.67927499999996,79.9291,689.1592,-1631.1856,182.90395,-1857.43935,0.8954245,0,769.41615,845.861975,516.3073,1328.3083,-1230.58385,266.56375,-1532.01025,0.742421,0,253.87033000000002
0.02,0.15,10,both,False,354.62455,376.6508,199.2837,598.0704,-1645.37545,-1645.37545,0.0,0.8238179999999999,0,406.53125,456.988,200.1005,814.789,-1593.46875,-1593.46875,0.0,0.8279274999999999,0,246.04931500000004
0.05,0.05,20,up,False,353.2815,356.2676,63.1254,655.382,-1646.7185,129.08339999999998,-1816.7078000000001,0.89098,0,735.73215,820.01485,498.5078,1310.0873,-1264.26785,182.74185,-1485.892,0.7414784999999999,0,237.24871
0.05,0.15,10,both,False,329.18015,493.194075,197.577,1116.839,-1670.8198499999999,-1670.8198499999999,0.0,0.8371965,0,564.8117,602.19895,185.3725,1093.7999,-1435.1883,-1435.1883,0.0,0.750485,0,234.61704500000002
0.0,0.2,10,both,False,360.0404,465.2342,176.2099,964.6461,-1639.9596000000001,-1639.9596000000001,0.0,0.828682,0,702.5726999999999,739.0665,189.2794,1361.8412,-1297.4272999999998,-1297.4272999999998,0.0,0.7222135000000001,0,233.97295000000003
0.0,0.15,10,both,False,308.94075,315.48965,195.1374,448.9397,-1691.05925,-1691.05925,0.0,0.857567,0,276.06455,475.6589,199.779,1150.7275,-1723.93545,-1718.55755,0.0,0.8694584999999999,0,230.206725
0.0,0.05,10,up,False,309.1305,317.485,70.9403,580.7387,-1690.8695,140.70229999999998,-1858.11285,0.9126110000000001,0,700.9485500000001,784.9532750000001,480.3147,1257.6013,-1299.05145,220.2854,-1535.3654999999999,0.7637035,0,224.27224
0.02,0.05,20,up,False,314.0205,317.995725,64.4549,579.487,-1685.9795,98.7328,-1817.82285,0.9065084999999999,0,689.8507500000001,781.14295,489.0777,1255.7926,-1310.14925,161.6586,-1490.1923,0.7557325,0,224.24914
0.05,0.2,20,both,False,502.1899,596.67375,92.0624,1290.2528,-1497.8101,-1497.8101,0.0,0.757493,0,699.26775,770.831925,100.6408,1584.1514,-1300.73225,-1300.73225,0.0,0.666038,0,216.81633000000002
0.05,0.1,10,both,False,259.54595,275.759825,195.0848,388.8626,-1740.45405,-1740.45405,0.0,0.873427,0,333.55445,535.8742,196.7446,1279.6433,-1666.44555,-1654.68515,0.0,0.8517505,0,214.755105
0.0,0.05,20,up,False,279.23165,292.810475,66.5976,546.181,-1720.7683499999998,84.06705,-1818.6012,0.9198035,0,654.4124999999999,748.6476250000001,475.0155,1210.75,-1345.5875,136.67149999999998,-1493.1536,0.7676225000000001,0,212.071395
0.0,0.1,10,both,False,199.00215,248.986775,173.4514,424.4914,-1800.99785,-1800.99785,0.0,0.9053405,0,199.74355,286.4642,195.9978,550.3719,-1800.2564499999999,-1800.2564499999999,0.0,0.9036755,0,185.625905
0.02,0.1,10,both,False,187.74540000000002,290.867325,181.1657,606.8128,-1812.2546,-1812.2546,0.0,0.9078930000000001,0,240.9187,287.42795,190.2866,477.5878,-1759.0813,-1752.23765,-6.81965,0.898761,0,184.96379000000002
0.02,0.05,10,both,False,194.4263,190.131575,174.6504,197.0233,-1805.5737,-1805.5737,0.0,0.903834,0,196.3355,229.80057499999998,169.4352,357.0961,-1803.6645,-1803.6645,0.0,0.90328,0,179.54013
0.05,0.05,10,both,False,197.06495,198.426275,158.2929,241.2823,-1802.93505,-1802.93505,0.0,0.9027355,0,198.4004,284.1097,193.1857,546.4523,-1801.5996,-1801.5996,0.0,0.9051674999999999,0,176.903075
0.02,0.2,20,both,False,350.24075,464.33289999999994,98.4286,1058.4215,-1649.75925,-1649.75925,0.0,0.8252895,0,784.50695,748.23925,99.4464,1324.4967,-1215.49305,-1215.49305,0.0,0.6488345,0,174.17580499999997
0.0,0.2,20,both,False,365.15495,481.983075,91.4589,1106.1635,-1634.84505,-1634.84505,0.0,0.8204130000000001,0,561.61995,508.551375,88.658,822.3076,-1438.38005,-1421.0279,0.0,0.8052345,0,173.00753500000002
0.05,0.15,20,both,False,349.09815000000003,451.67705,95.7153,1012.7966,-1650.90185,-1650.90185,0.0,0.8316125,0,553.6632999999999,499.313225,100.2837,789.6426,-1446.3367,-1438.14635,0.0,0.8071200000000001,0,172.643835
0.0,0.05,10,both,False,195.99235,185.9312,151.6883,200.0518,-1804.00765,-1804.00765,0.0,0.906603,0,199.8613,196.888225,186.0439,201.7864,-1800.1387,-1800.1387,0.0,0.9008700000000001,0,171.850635
0.0,0.15,20,both,False,261.8167,269.576125,98.2092,456.4619,-1738.1833000000001,-1738.1833000000001,0.0,0.8705815,0,204.64955,467.58887500000003,99.8718,1361.1846,-1795.35045,-1789.1882,-6.13825,0.902694,0,147.62396999999999
0.02,0.15,20,both,False,233.01260000000002,295.861425,91.7225,625.698,-1766.9874,-1766.9874,0.0,0.889015,0,342.85315,416.114575,98.8835,879.8685,-1657.14685,-1648.7701499999998,0.0,0.8457385,0,135.54173
0.02,0.1,20,both,False,223.4823,274.79314999999997,96.6118,555.5962,-1776.5176999999999,-1776.5176999999999,0.0,0.8974885,0,170.94844999999998,202.17997499999998,97.5608,369.2622,-1829.0515500000001,-1822.83465,0.0,0.9306650000000001,0,134.86275
0.0,0.1,20,both,False,186.78035,237.09130000000002,98.4031,476.4014,-1813.21965,-1813.21965,0.0,0.9108670000000001,0,112.5923,176.961,94.683,387.9764,-1887.4077,-1883.67865,-3.717,0.945655,0,124.17225499999999
0.05,0.05,20,both,False,170.85235,181.365725,99.2541,284.5041,-1829.1476499999999,-1829.1476499999999,0.0,0.917037,0,114.1961,175.584375,96.6512,377.2941,-1885.8038999999999,-1882.07485,-3.717,0.9445055,0,120.212995
0.05,0.1,20,both,False,140.92534999999998,202.131875,98.2455,428.4313,-1859.07465,-1859.07465,0.0,0.934339,0,198.0134,416.805875,100.8558,1170.3409,-1801.9866,-1795.3042500000001,-6.65835,0.9049325,0,111.57151499999999
0.0,0.05,20,both,False,98.38804999999999,98.07582500000001,94.9308,100.5964,-1901.61195,-1901.61195,0.0,0.9518865000000001,0,98.4099,97.506075,92.229,100.9755,-1901.5901,-1901.5901,0.0,0.9511430000000001,0,95.427615
0.02,0.05,20,both,False,98.5821,94.17115,79.9983,99.5221,-1901.4179,-1901.4179,0.0,0.9512225000000001,0,95.80895,148.41055,87.8423,314.182,-1904.19105,-1904.19105,0.0,0.9527319999999999,0,87.14224
